Task,Date/Time,User,ResponsTask,Aufgabenniveau,Code
KS1a1K1_1,2021-10-04 11:58:18,HE1021-910,f,,GI13SA
KS1a1K2_1,2021-10-04 12:00:12,HE1021-911,twr,,SA20AN
KS1c2U11_1,2021-10-04 12:00:22,HE1021-905,f,mittel,BÜ26LI
KS1a1K1_1,2021-10-04 12:00:48,HE1021-902,twr,,HÄ09MO
KS1a1K1_1,2021-10-04 12:01:45,HE1021-900,twr,,OF29VL
KS1a1K1_1,2021-10-04 12:02:13,HE1021-907,r,,GI11SI
KS1a1K2_1,2021-10-04 12:03:41,HE1021-902,r,,HÄ09MO
KD2a4K4_1,2021-10-04 12:03:44,HE1021-904,r,,MA05HE
KS1a1K2_1,2021-10-04 12:03:49,HE1021-900,r,,OF29VL
KS1c1U9_1,2021-10-04 12:04:28,HE1021-911,r,mittel,SA20AN
KD2a4K1_1,2021-10-04 12:05:33,HE1021-904,r,,MA05HE
KS1c2U1_1,2021-10-04 12:05:56,HE1021-909,r,niedrig,LI27AN
KS1c2U9_1,2021-10-04 12:06:21,HE1021-911,twr,mittel,SA20AN
KS1c2U9_1,2021-10-04 12:06:26,HE1021-909,twr,mittel,LI27AN
KS1a1K1_1,2021-10-04 12:06:36,HE1021-916,r,,CA31IT
KS1c1U3_1,2021-10-04 12:06:48,HE1021-900,twr,niedrig,OF29VL
KS1a1K1_1,2021-10-04 12:07:04,HE1021-914,r,,RE15AN
KS1a1K3_1,2021-10-04 12:07:25,HE1021-902,f,,HÄ09MO
KS1c6U2_1,2021-10-04 12:07:46,HE1021-905,twr,hoch,BÜ26LI
KS1c2U11_1,2021-10-04 12:08:15,HE1021-909,f,mittel,LI27AN
KS2c6U1_1,2021-10-04 12:09:05,HE1021-910,f,mittel,GI13SA
KS1c2U13_1,2021-10-04 12:09:27,HE1021-909,r,mittel,LI27AN
KS1c4U7_1,2021-10-04 12:09:31,HE1021-911,twr,mittel,SA20AN
KS1a1K4_1,2021-10-04 12:09:34,HE1021-902,twr,,HÄ09MO
KS1c6U5_1,2021-10-04 12:10:22,HE1021-905,f,hoch,BÜ26LI
KS1c5U8_1,2021-10-04 12:10:54,HE1021-911,twr,niedrig,SA20AN
KS1a1K2_1,2021-10-04 12:11:16,HE1021-914,f,,RE15AN
KS1c5U1_1,2021-10-04 12:12:12,HE1021-911,r,mittel,SA20AN
KS1a2K1_1,2021-10-04 12:12:19,HE1021-902,twr,,HÄ09MO
KS1c5U6_1,2021-10-04 12:13:09,HE1021-911,twr,hoch,SA20AN
KS1a1K2_1,2021-10-04 12:13:43,HE1021-916,r,,CA31IT
KS1c4U8_1,2021-10-04 12:13:54,HE1021-909,r,mittel,LI27AN
KS1a1K3_1,2021-10-04 12:14:13,HE1021-914,r,,RE15AN
KS1c6U4_1,2021-10-04 12:14:42,HE1021-911,twr,niedrig,SA20AN
KS1c5U1_1,2021-10-04 12:15:50,HE1021-909,r,mittel,LI27AN
KS1a2K2_1,2021-10-04 12:17:45,HE1021-902,twr,,HÄ09MO
KS1a1K3_1,2021-10-04 12:18:38,HE1021-916,twr,,CA31IT
KS1a2K3_1,2021-10-04 12:18:45,HE1021-902,f,,HÄ09MO
KD2a1K3_1,2021-10-04 12:20:07,HE1021-904,twr,,MA05HE
KS1a2K4_1,2021-10-04 12:21:45,HE1021-902,twr,,HÄ09MO
KS1c6U2_1,2021-10-04 12:22:02,HE1021-911,twr,hoch,SA20AN
KD2a1K4_1,2021-10-04 12:22:06,HE1021-904,,,MA05HE
KS2a1K1_1,2021-10-04 12:26:12,HE1021-915,twr,,LU28RE
KS1a1K4_1,2021-10-04 12:26:14,HE1021-916,twr,,CA31IT
KS1a4K1_1,2021-10-04 12:27:39,HE1021-902,r,,HÄ09MO
KS1a4K2_1,2021-10-04 12:29:07,HE1021-902,r,,HÄ09MO
KS1c1U3_1,2021-10-04 12:29:28,HE1021-908,r,niedrig,AS20UR
KD2a2K1_1,2021-10-04 12:30:29,HE1021-904,twr,,MA05HE
KD2a2K2_1,2021-10-04 12:32:13,HE1021-904,f,,MA05HE
KS1c2U13_1,2021-10-04 12:32:19,HE1021-910,twr,mittel,GI13SA
KS1a4K3_1,2021-10-04 12:32:29,HE1021-902,twr,,HÄ09MO
KS2c1U2_1,2021-10-04 12:33:04,HE1021-909,r,hoch,LI27AN
KS2c3U1_1,2021-10-04 12:35:10,HE1021-900,r,niedrig,OF29VL
KS1a4K4_1,2021-10-04 12:35:13,HE1021-902,r,,HÄ09MO
KS1a4K4_1,2021-10-04 12:35:13,HE1021-902,,,HÄ09MO
KS2c1U9_1,2021-10-04 12:35:17,HE1021-909,twr,,LI27AN
KS1a2K1_1,2021-10-04 12:35:50,HE1021-916,twr,,CA31IT
KD2a2K4_1,2021-10-04 12:36:02,HE1021-904,r,,MA05HE
KS2c2U1_1,2021-10-04 12:36:40,HE1021-909,twr,,LI27AN
KS2a1K1_1,2021-10-04 12:37:03,HE1021-912,r,,BR26AN
KS1a2K2_1,2021-10-04 12:37:18,HE1021-914,f,,RE15AN
KS2c2U2_1,2021-10-04 12:37:43,HE1021-909,r,,LI27AN
KD1a2K1_1,2021-10-04 12:38:29,HE1021-907,f,,GI11SI
KS1a5K1_1,2021-10-04 12:40:38,HE1021-902,r,,HÄ09MO
KD1a2K2_1,2021-10-04 12:41:40,HE1021-907,r,,GI11SI
KS1a5K2_1,2021-10-04 12:42:09,HE1021-902,r,,HÄ09MO
KS1a2K2_1,2021-10-04 12:42:50,HE1021-916,r,,CA31IT
KS1a2K3_1,2021-10-04 12:43:11,HE1021-914,r,,RE15AN
KS1a5K3_1,2021-10-04 12:43:45,HE1021-902,r,,HÄ09MO
KS1a2K4_1,2021-10-04 12:45:14,HE1021-914,twr,,RE15AN
KS1a5K4_1,2021-10-04 12:45:19,HE1021-902,r,,HÄ09MO
KD2a3K1_1,2021-10-04 12:45:35,HE1021-904,twr,,MA05HE
KS1c5U2_1,2021-10-04 12:46:13,HE1021-910,r,mittel,GI13SA
KS2c3U9_1,2021-10-04 12:46:15,HE1021-909,r,mittel,LI27AN
KD1a2K3_1,2021-10-04 12:46:30,HE1021-907,r,,GI11SI
KD2a3K2_1,2021-10-04 12:47:36,HE1021-904,twr,,MA05HE
KS1a2K3_1,2021-10-04 12:48:32,HE1021-916,twr,,CA31IT
KS2c3U2_1,2021-10-04 12:48:34,HE1021-909,r,hoch,LI27AN
KS1c6U4_1,2021-10-04 12:48:45,HE1021-910,r,niedrig,GI13SA
KD2a3K4_1,2021-10-04 12:50:37,HE1021-904,r,,MA05HE
KS1c1U3_1,2021-10-04 12:51:21,HE1021-902,twr,niedrig,HÄ09MO
KS1a2K4_1,2021-10-04 12:52:17,HE1021-916,twr,,CA31IT
KS2c5U8_1,2021-10-04 12:52:32,HE1021-909,twr,mittel,LI27AN
KS1c1U7_1,2021-10-04 12:53:29,HE1021-902,f,niedrig,HÄ09MO
KD2a4K1_1,2021-10-04 12:54:57,HE1021-907,r,,GI11SI
KS1c1U2_1,2021-10-04 12:55:58,HE1021-902,r,niedrig,HÄ09MO
KD1a2K1_1,2021-10-04 12:56:44,HE1021-904,r,,MA05HE
KS1c1U6_1,2021-10-04 12:56:55,HE1021-902,r,niedrig,HÄ09MO
KS1a4K1_1,2021-10-04 12:57:43,HE1021-914,r,,RE15AN
KS1a4K1_1,2021-10-04 12:57:47,HE1021-916,f,,CA31IT
KS2a1K1_1,2021-10-05 11:09:56,HE1021-916,twr,,CA31IT
KS2a1K1_1,2021-10-05 11:12:09,HE1021-902,r,,HÄ09MO
KS2a1K2_1,2021-10-05 11:12:09,HE1021-916,twr,,CA31IT
KS2a1K3_1,2021-10-05 11:13:37,HE1021-916,r,,CA31IT
KS2a1K4_1,2021-10-05 11:15:42,HE1021-916,twr,,CA31IT
KS3c1U7_1,2021-10-05 11:16:34,HE1021-909,r,mittel,LI27AN
KS2a2K3_1,2021-10-05 11:17:39,HE1021-911,twr,,SA20AN
KS2a1K4_1,2021-10-05 11:18:19,HE1021-902,twr,,HÄ09MO
KD3a2K1_1,2021-10-05 11:20:48,HE1021-901,r,,MA05HE
KS2a3K1_1,2021-10-05 11:21:12,HE1021-911,twr,,SA20AN
KS2a2K1_1,2021-10-05 11:22:24,HE1021-916,r,,CA31IT
KS2a2K1_1,2021-10-05 11:22:33,HE1021-902,r,,HÄ09MO
KS2a2K2_1,2021-10-05 11:24:05,HE1021-902,twr,,HÄ09MO
KS2a2K2_1,2021-10-05 11:24:18,HE1021-916,twr,,CA31IT
KS2a2K3_1,2021-10-05 11:25:46,HE1021-902,r,,HÄ09MO
KD3a2K3_1,2021-10-05 11:26:01,HE1021-901,r,,MA05HE
KS3c2U3_1,2021-10-05 11:26:43,HE1021-909,r,mittel,LI27AN
KS2a2K4_1,2021-10-05 11:26:46,HE1021-902,twr,,HÄ09MO
KS3c2U4_1,2021-10-05 11:28:08,HE1021-909,r,mittel,LI27AN
KD3a2K4_1,2021-10-05 11:28:28,HE1021-901,r,,MA05HE
KS2a3K1_1,2021-10-05 11:28:58,HE1021-902,twr,,HÄ09MO
KS2a1K1_1,2021-10-05 11:30:27,HE1021-908,twr,,AS20UR
KS3c5U8_1,2021-10-05 11:31:32,HE1021-909,r,mittel,LI27AN
KS3c5U9_1,2021-10-05 11:33:04,HE1021-909,r,mittel,LI27AN
KD2a1K2_1,2021-10-05 11:33:31,HE1021-907,r,,GI11SI
KS2a4K1_1,2021-10-05 11:34:11,HE1021-902,r,,HÄ09MO
KS2a2K3_1,2021-10-05 11:34:28,HE1021-916,f,,CA31IT
KS3c4U4_1,2021-10-05 11:34:37,HE1021-909,r,mittel,LI27AN
KD3a3K1_1,2021-10-05 11:36:25,HE1021-901,f,,MA05HE
KS2a4K2_1,2021-10-05 11:36:37,HE1021-902,r,,HÄ09MO
KD3a3K2_1,2021-10-05 11:37:32,HE1021-901,r,,MA05HE
KS2a4K3_1,2021-10-05 11:37:53,HE1021-902,r,,HÄ09MO
KS2a2K4_1,2021-10-05 11:39:21,HE1021-916,r,,CA31IT
KS2c6U7_1,2021-10-05 11:39:25,HE1021-911,f,hoch,SA20AN
KS2a4K4_1,2021-10-05 11:39:32,HE1021-902,f,,HÄ09MO
KS3c4U8_1,2021-10-05 11:41:11,HE1021-909,r,mittel,LI27AN
KD3a3K4_1,2021-10-05 11:41:21,HE1021-901,r,,MA05HE
KS2c6U8_1,2021-10-05 11:41:46,HE1021-911,f,hoch,SA20AN
KS3c4U10_1,2021-10-05 11:42:22,HE1021-909,f,mittel,LI27AN
KS2a5K1_1,2021-10-05 11:42:28,HE1021-902,r,,HÄ09MO
KS2a5K3_1,2021-10-05 11:44:30,HE1021-902,r,,HÄ09MO
KS2a4K1_1,2021-10-05 11:44:48,HE1021-916,r,,CA31IT
KS2a5K4_1,2021-10-05 11:46:11,HE1021-902,r,,HÄ09MO
KD3a4K2_1,2021-10-05 11:48:29,HE1021-901,r,,MA05HE
KS2a4K2_1,2021-10-05 11:50:05,HE1021-916,r,,CA31IT
KS2a4K3_1,2021-10-05 11:55:59,HE1021-916,twr,,CA31IT
KD3a5K1_1,2021-10-05 11:56:30,HE1021-901,r,,MA05HE
KD1a2K1_1,2021-10-05 11:58:18,HE1021-902,f,,HÄ09MO
KD3a5K2_1,2021-10-05 11:58:26,HE1021-901,f,,MA05HE
KD3a5K3_1,2021-10-05 12:00:15,HE1021-901,r,,MA05HE
KD1a2K2_1,2021-10-05 12:00:53,HE1021-902,f,,HÄ09MO
KS2a4K4_1,2021-10-05 12:01:37,HE1021-916,r,,CA31IT
KD1a2K4_1,2021-10-05 12:03:06,HE1021-902,r,,HÄ09MO
KD2a1K2_1,2021-10-05 12:03:14,HE1021-907,r,,GI11SI
KD3c2U5_1,2021-10-05 12:06:10,HE1021-909,r,mittel,LI27AN
KD2a4K2_1,2021-10-05 12:07:21,HE1021-902,f,,HÄ09MO
KD3c2U6_1,2021-10-05 12:08:53,HE1021-909,r,mittel,LI27AN
KD2a2K4_1,2021-10-05 12:10:29,HE1021-907,r,,GI11SI
KD2a1K3_1,2021-10-05 12:14:05,HE1021-902,twr,,HÄ09MO
KS3a7K3_1,2021-10-05 12:14:37,HE1021-911,twr,,SA20AN
KS2a5K1_1,2021-10-05 12:14:42,HE1021-916,twr,,CA31IT
KD3c2U8_1,2021-10-05 12:15:18,HE1021-909,twr,mittel,LI27AN
KS2a1K1_1,2021-10-05 12:17:35,HE1021-901,r,,MA05HE
KD2a1K4_1,2021-10-05 12:18:09,HE1021-902,r,,HÄ09MO
KS2a1K2_1,2021-10-05 12:18:44,HE1021-901,f,,MA05HE
KS2a5K2_1,2021-10-05 12:19:32,HE1021-916,r,,CA31IT
KS2a1K3_1,2021-10-05 12:19:59,HE1021-901,twr,,MA05HE
KS2a1K4_1,2021-10-05 12:20:43,HE1021-901,r,,MA05HE
KS2a5K3_1,2021-10-05 12:23:40,HE1021-916,r,,CA31IT
KD2a3K2_1,2021-10-05 12:25:35,HE1021-902,twr,,HÄ09MO
KD2a3K4_1,2021-10-05 12:26:32,HE1021-902,r,,HÄ09MO
KD2a3K1_1,2021-10-05 12:26:37,HE1021-907,r,,GI11SI
KS3c4U1_1,2021-10-05 12:27:39,HE1021-911,r,niedrig,SA20AN
KS1c1U3_1,2021-10-13 11:54:55,HE1021-937,f,niedrig,KA01MA
KS1a1K2_1,2021-10-13 11:56:38,HE1021-938,r,,HA12BE
KS1a1K1_1,2021-10-13 11:57:35,HE1021-931,twr,,MÜ04KA
KS1a1K3_1,2021-10-13 11:57:39,HE1021-938,twr,,HA12BE
KS1a1K1_1,2021-10-13 11:58:12,HE1021-926,twr,,BA05ZE
KS1a1K1_1,2021-10-13 11:58:30,HE1021-935,twr,,SI17SO
KS1c1U3_1,2021-10-13 11:58:34,HE1021-940,r,niedrig,GR04ST
KS1a1K1_1,2021-10-13 11:59:12,HE1021-929,twr,,RU19YV
KS1a1K1_1,2021-10-13 12:00:17,HE1021-923,f,,HA05AN
KS1c1U3_1,2021-10-13 12:00:20,HE1021-938,r,niedrig,HA12BE
KS1a1K2_1,2021-10-13 12:00:41,HE1021-936,r,,RI09JI
KS1a1K1_1,2021-10-13 12:00:45,HE1021-932,twr,,FR14AN
KS1c1U7_1,2021-10-13 12:01:07,HE1021-940,twr,niedrig,GR04ST
KS1c1U5_1,2021-10-13 12:01:09,HE1021-937,twr,mittel,KA01MA
KS1a1K1_1,2021-10-13 12:01:36,HE1021-928,twr,,FR28JO
KS1c1U1_1,2021-10-13 12:01:38,HE1021-938,r,mittel,HA12BE
KS1a1K2_1,2021-10-13 12:01:56,HE1021-935,r,,SI17SO
KS1a1K3_1,2021-10-13 12:02:08,HE1021-929,f,,RU19YV
KS1c1U3_1,2021-10-13 12:02:11,HE1021-924,twr,niedrig,BE19UT
KS1c1U6_1,2021-10-13 12:02:26,HE1021-937,r,niedrig,KA01MA
KS1a1K1_1,2021-10-13 12:02:35,HE1021-933,r,,SC24SY
KS1a1K4_1,2021-10-13 12:02:55,HE1021-929,r,,RU19YV
KS1a1K1_1,2021-10-13 12:02:57,HE1021-927,twr,,ST01MA
KS1a1K1_1,2021-10-13 12:03:04,HE1021-934,r,,KA16LY
KS1c1U4_1,2021-10-13 12:03:04,HE1021-938,f,mittel,HA12BE
KS1a1K2_1,2021-10-13 12:03:22,HE1021-932,r,,FR14AN
KS1a1K2_1,2021-10-13 12:03:39,HE1021-929,r,,RU19YV
KS1c1U5_1,2021-10-13 12:04:16,HE1021-938,twr,mittel,HA12BE
KS1c1U4_1,2021-10-13 12:04:49,HE1021-924,f,mittel,BE19UT
KS1a1K3_1,2021-10-13 12:04:55,HE1021-928,twr,,FR28JO
KS1a1K3_1,2021-10-13 12:05:14,HE1021-932,twr,,FR14AN
KS1a1K2_1,2021-10-13 12:05:22,HE1021-934,r,,KA16LY
KS1a1K3_1,2021-10-13 12:05:34,HE1021-935,f,,SI17SO
KS1c2U1_1,2021-10-13 12:05:37,HE1021-938,r,niedrig,HA12BE
KS1a1K4_1,2021-10-13 12:06:19,HE1021-932,r,,FR14AN
KS1a1K2_1,2021-10-13 12:06:23,HE1021-933,r,,SC24SY
KS1c2U9_1,2021-10-13 12:06:26,HE1021-938,r,mittel,HA12BE
KS1a1K3_1,2021-10-13 12:07:31,HE1021-934,r,,KA16LY
KS1c2U11_1,2021-10-13 12:07:36,HE1021-938,f,mittel,HA12BE
KS1c1U2_1,2021-10-13 12:07:38,HE1021-940,r,niedrig,GR04ST
KS1a1K4_1,2021-10-13 12:07:42,HE1021-935,twr,,SI17SO
KS1c2U5_1,2021-10-13 12:07:51,HE1021-924,twr,niedrig,BE19UT
KS1a1K4_1,2021-10-13 12:08:16,HE1021-928,r,,FR28JO
KS1c1U3_1,2021-10-13 12:08:52,HE1021-936,r,niedrig,RI09JI
KS1c2U13_1,2021-10-13 12:08:56,HE1021-938,r,mittel,HA12BE
KS1c4U2_1,2021-10-13 12:09:52,HE1021-938,r,niedrig,HA12BE
KS1c1U6_1,2021-10-13 12:10:15,HE1021-940,r,niedrig,GR04ST
KS1a1K4_1,2021-10-13 12:10:39,HE1021-933,r,,SC24SY
KS1c1U1_1,2021-10-13 12:12:03,HE1021-940,f,mittel,GR04ST
KS1c2U9_1,2021-10-13 12:12:23,HE1021-928,f,mittel,FR28JO
KS1c4U9_1,2021-10-13 12:12:32,HE1021-938,r,niedrig,HA12BE
KS1c2U14_1,2021-10-13 12:12:50,HE1021-924,r,niedrig,BE19UT
KS1a2K2_1,2021-10-13 12:13:12,HE1021-932,r,,FR14AN
KS1a2K1_1,2021-10-13 12:13:28,HE1021-929,twr,,RU19YV
KS1c4U7_1,2021-10-13 12:14:12,HE1021-938,r,mittel,HA12BE
KS1c1U4_1,2021-10-13 12:14:17,HE1021-940,r,mittel,GR04ST
KS1c2U10_1,2021-10-13 12:14:33,HE1021-924,r,niedrig,BE19UT
KS1c5U8_1,2021-10-13 12:15:12,HE1021-938,r,niedrig,HA12BE
KS1c2U4_1,2021-10-13 12:15:20,HE1021-924,r,niedrig,BE19UT
KS1a2K3_1,2021-10-13 12:16:13,HE1021-932,f,,FR14AN
KS1c5U1_1,2021-10-13 12:16:17,HE1021-938,f,mittel,HA12BE
KS1a2K1_1,2021-10-13 12:16:45,HE1021-935,r,,SI17SO
KS1c2U11_1,2021-10-13 12:17:01,HE1021-928,f,mittel,FR28JO
KS1c2U13_1,2021-10-13 12:17:20,HE1021-924,r,mittel,BE19UT
KS1c1U5_1,2021-10-13 12:17:20,HE1021-940,r,mittel,GR04ST
KS1c5U2_1,2021-10-13 12:17:47,HE1021-938,r,mittel,HA12BE
KS1a2K1_1,2021-10-13 12:18:01,HE1021-933,r,,SC24SY
KS1c5U9_1,2021-10-13 12:18:29,HE1021-938,r,mittel,HA12BE
KS1c2U2_1,2021-10-13 12:18:59,HE1021-928,r,niedrig,FR28JO
KS2a3K4_1,2021-10-13 12:19:23,HE1021-922,r,,NI12KA
KS1a2K2_1,2021-10-13 12:19:23,HE1021-935,r,,SI17SO
KS1a2K4_1,2021-10-13 12:19:50,HE1021-932,r,,FR14AN
KS1c2U6_1,2021-10-13 12:20:16,HE1021-928,r,niedrig,FR28JO
KS1c1U8_1,2021-10-13 12:20:51,HE1021-940,twr,mittel,GR04ST
KS1a2K1_1,2021-10-13 12:20:56,HE1021-934,r,,KA16LY
KS1a2K2_1,2021-10-13 12:21:03,HE1021-933,f,,SC24SY
KS1c1U3_1,2021-10-13 12:22:49,HE1021-932,r,niedrig,FR14AN
KS1c2U1_1,2021-10-13 12:23:00,HE1021-940,r,niedrig,GR04ST
KS1a2K3_1,2021-10-13 12:23:32,HE1021-933,twr,,SC24SY
KS1c2U4_1,2021-10-13 12:23:52,HE1021-928,r,niedrig,FR28JO
KS1c5U2_1,2021-10-13 12:23:57,HE1021-924,r,mittel,BE19UT
KS1c5U5_1,2021-10-13 12:24:26,HE1021-938,r,mittel,HA12BE
KS1c2U2_1,2021-10-13 12:24:38,HE1021-940,r,niedrig,GR04ST
KS1c5U6_1,2021-10-13 12:24:47,HE1021-924,twr,hoch,BE19UT
KS1c1U7_1,2021-10-13 12:24:50,HE1021-932,r,niedrig,FR14AN
KS1c2U5_1,2021-10-13 12:25:21,HE1021-940,r,niedrig,GR04ST
KS1c2U10_1,2021-10-13 12:25:37,HE1021-928,r,niedrig,FR28JO
KS1a2K2_1,2021-10-13 12:25:42,HE1021-934,twr,,KA16LY
KS1c5U6_1,2021-10-13 12:25:44,HE1021-938,twr,hoch,HA12BE
KS1a2K4_1,2021-10-13 12:25:52,HE1021-933,r,,SC24SY
KS1c1U2_1,2021-10-13 12:26:15,HE1021-932,r,niedrig,FR14AN
KS1c2U14_1,2021-10-13 12:26:54,HE1021-928,twr,niedrig,FR28JO
KS1c2U6_1,2021-10-13 12:26:54,HE1021-940,r,niedrig,GR04ST
KS1c1U1_1,2021-10-13 12:27:43,HE1021-932,r,mittel,FR14AN
KS1c6U4_1,2021-10-13 12:27:48,HE1021-924,r,niedrig,BE19UT
KS1a2K3_1,2021-10-13 12:28:46,HE1021-934,twr,,KA16LY
KS1c1U5_1,2021-10-13 12:28:54,HE1021-932,r,mittel,FR14AN
KS1c4U1_1,2021-10-13 12:29:40,HE121-928,r,niedrig,
KS1c6U7_1,2021-10-13 12:29:50,HE1021-924,r,niedrig,BE19UT
KS1c2U7_1,2021-10-13 12:29:50,HE1021-940,r,niedrig,GR04ST
KS1a2K4_1,2021-10-13 12:30:08,HE1021-934,f,,KA16LY
KS1c1U9_1,2021-10-13 12:30:14,HE1021-933,r,mittel,SC24SY
KS1c6U4_1,2021-10-13 12:30:17,HE1021-938,r,niedrig,HA12BE
KS1c1U9_1,2021-10-13 12:30:24,HE1021-932,twr,mittel,FR14AN
KS1a4K1_1,2021-10-13 12:30:46,HE1021-935,r,,SI17SO
KS1c2U9_1,2021-10-13 12:30:48,HE1021-940,twr,mittel,GR04ST
KS1c2U11_1,2021-10-13 12:31:52,HE1021-940,f,mittel,GR04ST
KS1c1U8_1,2021-10-13 12:32:02,HE1021-932,r,mittel,FR14AN
KS2c5U9_1,2021-10-13 12:32:04,HE1021-936,f,mittel,RI09JI
KS1c4U7_1,2021-10-13 12:32:07,HE1021-928,r,mittel,FR28JO
KS1c6U1_1,2021-10-13 12:32:33,HE1021-938,twr,mittel,HA12BE
KS1a4K2_1,2021-10-13 12:32:34,HE1021-935,r,,SI17SO
KS1c2U13_1,2021-10-13 12:32:38,HE1021-940,r,mittel,GR04ST
KS1c6U2_1,2021-10-13 12:33:08,HE1021-924,r,hoch,BE19UT
KS1c4U1_1,2021-10-13 12:33:32,HE121-940,r,niedrig,
KS1c2U13_1,2021-10-13 12:33:44,HE1021-933,r,mittel,SC24SY
KS1a4K3_1,2021-10-13 12:33:46,HE1021-935,r,,SI17SO
KS1c4U7_1,2021-10-13 12:34:12,HE1021-940,r,mittel,GR04ST
KS1c6U5_1,2021-10-13 12:34:41,HE1021-924,twr,hoch,BE19UT
KS1c4U10_1,2021-10-13 12:34:56,HE1021-933,r,mittel,SC24SY
KS1a4K4_1,2021-10-13 12:34:58,HE1021-935,r,,SI17SO
KS2c5U5_1,2021-10-13 12:35:27,HE1021-936,f,mittel,RI09JI
KS1c4U6_1,2021-10-13 12:36:09,HE1021-940,r,mittel,GR04ST
KS1a4K1_1,2021-10-13 12:36:39,HE1021-932,r,,FR14AN
KS2c5U6_1,2021-10-13 12:36:43,HE1021-936,f,mittel,RI09JI
KS1a4K2_1,2021-10-13 12:37:56,HE1021-932,r,,FR14AN
KS1a4K1_1,2021-10-13 12:37:57,HE1021-934,r,,KA16LY
KS2c5U12_1,2021-10-13 12:38:05,HE1021-936,f,mittel,RI09JI
KS1a4K3_1,2021-10-13 12:38:38,HE1021-932,r,,FR14AN
KS1a4K2_1,2021-10-13 12:38:54,HE1021-934,r,,KA16LY
KS1a4K3_1,2021-10-13 12:39:52,HE1021-934,r,,KA16LY
KS1c5U1_1,2021-10-13 12:39:55,HE1021-940,r,mittel,GR04ST
KS1c5U3_1,2021-10-13 12:40:28,HE1021-933,r,mittel,SC24SY
KS1c5U3_1,2021-10-13 12:40:28,HE1021-933,r,mittel,SC24SY
KS1c5U6_1,2021-10-13 12:40:45,HE1021-940,twr,hoch,GR04ST
KS2c2U1_1,2021-10-13 12:42:51,HE1021-938,r,,HA12BE
KS1a5K1_1,2021-10-13 12:43:08,HE1021-935,r,,SI17SO
KS1c5U10_1,2021-10-13 12:43:22,HE1021-940,f,hoch,GR04ST
KS2c2U2_1,2021-10-13 12:43:38,HE1021-938,twr,,HA12BE
KS1a5K2_1,2021-10-13 12:44:16,HE1021-935,twr,,SI17SO
KS1a5K1_1,2021-10-13 12:44:35,HE1021-932,f,,FR14AN
KS2c3U10_1,2021-10-13 12:45:03,HE1021-938,r,mittel,HA12BE
KS1a5K2_1,2021-10-13 12:45:28,HE1021-932,r,,FR14AN
KS2c4U7_1,2021-10-13 12:45:44,HE1021-940,r,mittel,GR04ST
KS1c6U5_1,2021-10-13 12:45:59,HE1021-933,twr,hoch,SC24SY
KS1a5K4_1,2021-10-13 12:46:09,HE1021-935,r,,SI17SO
KS2b1K3_1,2021-10-13 12:46:33,HE1021-922,r,,NI12KA
KS2c4U10_1,2021-10-13 12:47:17,HE1021-940,f,mittel,GR04ST
KS1a5K4_1,2021-10-13 12:47:37,HE1021-932,r,,FR14AN
KS2c4U5_1,2021-10-13 12:49:10,HE1021-940,twr,hoch,GR04ST
KS1c2U9_1,2021-10-13 12:49:55,HE1021-932,twr,mittel,FR14AN
KS1a5K1_1,2021-10-13 12:50:21,HE1021-934,twr,,KA16LY
KS2c3U7_1,2021-10-13 12:50:59,HE1021-938,r,hoch,HA12BE
KS2c4U6_1,2021-10-13 12:51:20,HE1021-940,twr,hoch,GR04ST
KS1c2U11_1,2021-10-13 12:51:27,HE1021-932,f,mittel,FR14AN
KS1a5K2_1,2021-10-13 12:51:29,HE1021-934,r,,KA16LY
KS1c2U11_1,2021-10-13 12:52:02,HE1021-932,r,mittel,FR14AN
KS1c2U13_1,2021-10-13 12:52:39,HE1021-932,r,mittel,FR14AN
KS2c1U6_1,2021-10-13 12:52:42,HE1021-924,,niedrig,BE19UT
KS2c1U6_1,2021-10-13 12:52:42,HE1021-924,twr,niedrig,BE19UT
KS2a1K1_1,2021-10-13 12:52:59,HE1021-928,r,,FR28JO
KS1a5K3_1,2021-10-13 12:53:07,HE1021-934,twr,,KA16LY
KS1c2U14_1,2021-10-13 12:53:21,HE1021-932,r,niedrig,FR14AN
KS2c4U1_1,2021-10-13 12:53:48,HE1021-938,r,niedrig,HA12BE
KS1c4U2_1,2021-10-13 12:54:16,HE1021-932,r,niedrig,FR14AN
KS1c4U12_1,2021-10-13 12:54:46,HE1021-932,r,niedrig,FR14AN
KS2c4U8_1,2021-10-13 12:54:55,HE1021-938,twr,mittel,HA12BE
KS1a5K4_1,2021-10-13 12:55:45,HE1021-934,r,,KA16LY
KS1c4U5_1,2021-10-13 12:55:52,HE1021-932,r,niedrig,FR14AN
KS1c4U8_1,2021-10-13 12:57:00,HE1021-932,r,mittel,FR14AN
KS2c4U10_1,2021-10-13 12:57:05,HE1021-938,twr,mittel,HA12BE
KS2a1K2_1,2021-10-13 12:57:27,HE1021-928,f,,FR28JO
KS1c5U8_1,2021-10-13 12:58:04,HE1021-932,r,niedrig,FR14AN
KS3c2U10_1,2021-10-13 12:58:16,HE1021-940,twr,mittel,GR04ST
KS2c4U5_1,2021-10-13 12:58:30,HE1021-938,r,hoch,HA12BE
KS2a1K3_1,2021-10-13 12:59:06,HE1021-928,twr,,FR28JO
KS1c5U1_1,2021-10-13 12:59:25,HE1021-932,r,mittel,FR14AN
KS3c2U1_1,2021-10-13 13:00:03,HE1021-940,r,mittel,GR04ST
KS1c5U7_1,2021-10-13 13:00:04,HE1021-932,twr,niedrig,FR14AN
KS2c5U8_1,2021-10-13 13:00:54,HE1021-938,r,mittel,HA12BE
KS1c5U2_1,2021-10-13 13:00:59,HE1021-932,r,mittel,FR14AN
KS2a2K1_1,2021-10-13 13:01:42,HE1021-928,r,,FR28JO
KS2c1U1_1,2021-10-13 13:01:45,HE1021-924,twr,mittel,BE19UT
KS1c5U6_1,2021-10-13 13:02:02,HE1021-932,twr,hoch,FR14AN
KS2c5U9_1,2021-10-13 13:02:33,HE1021-938,r,mittel,HA12BE
KS2a1K1_1,2021-10-13 13:03:00,HE1021-934,twr,,KA16LY
KS1c5U9_1,2021-10-13 13:03:18,HE1021-932,f,mittel,FR14AN
KS2c1U9_1,2021-10-13 13:03:31,HE1021-924,r,,BE19UT
KS2c5U4_1,2021-10-13 13:03:35,HE1021-938,r,hoch,HA12BE
KS1c5U10_1,2021-10-13 13:04:40,HE1021-932,twr,hoch,FR14AN
KS2c5U10_1,2021-10-13 13:04:43,HE1021-938,r,hoch,HA12BE
KS2a1K2_1,2021-10-13 13:05:12,HE1021-934,twr,,KA16LY
KS2c2U1_1,2021-10-13 13:05:14,HE1021-924,twr,,BE19UT
KS2a2K3_1,2021-10-13 13:05:30,HE1021-928,r,,FR28JO
KS2c1U9_1,2021-10-13 13:05:55,HE1021-933,r,,SC24SY
KS1c6U4_1,2021-10-13 13:06:45,HE1021-932,r,niedrig,FR14AN
KS2c6U7_1,2021-10-13 13:06:45,HE1021-938,r,hoch,HA12BE
KS2a1K3_1,2021-10-13 13:06:50,HE1021-934,twr,,KA16LY
KS3c5U5_1,2021-10-13 13:07:25,HE1021-940,twr,mittel,GR04ST
KS2a1K1_1,2021-10-13 13:07:27,HE1021-935,twr,,SI17SO
KS2c1U1_1,2021-10-13 13:07:40,HE1021-933,twr,mittel,SC24SY
KS2a1K4_1,2021-10-13 13:08:19,HE1021-934,twr,,KA16LY
KS2c6U8_1,2021-10-13 13:08:48,HE1021-938,r,hoch,HA12BE
KS2c2U2_1,2021-10-13 13:09:12,HE1021-933,twr,,SC24SY
KS3c5U4_1,2021-10-13 13:10:03,HE1021-940,r,hoch,GR04ST
KS2a3K4_1,2021-10-13 13:11:45,HE1021-935,r,,SI17SO
KS2a2K2_1,2021-10-13 13:12:31,HE1021-929,r,,RU19YV
KS3c4U4_1,2021-10-13 13:12:56,HE1021-940,r,mittel,GR04ST
KS3c4U6_1,2021-10-13 13:14:42,HE1021-940,r,mittel,GR04ST
KS2a2K3_1,2021-10-13 13:14:52,HE1021-929,f,,RU19YV
KS3c1U4_1,2021-10-13 13:15:07,HE1021-938,twr,hoch,HA12BE
KS2c2U10_1,2021-10-13 13:15:17,HE1021-924,r,,BE19UT
KS2c4U6_1,2021-10-13 13:15:26,HE1021-933,twr,hoch,SC24SY
KS2a4K2_1,2021-10-13 13:16:52,HE1021-935,r,,SI17SO
KS2a2K1_1,2021-10-13 13:16:54,HE1021-934,r,,KA16LY
KS3c2U9_1,2021-10-13 13:16:55,HE1021-938,twr,mittel,HA12BE
KS3c4U10_1,2021-10-13 13:19:40,HE1021-940,twr,mittel,GR04ST
KS2a5K4_1,2021-10-13 13:19:50,HE1021-935,twr,,SI17SO
KS2a2K2_1,2021-10-13 13:21:06,HE1021-934,r,,KA16LY
KS3c4U5_1,2021-10-13 13:21:21,HE1021-940,twr,hoch,GR04ST
KS2a2K3_1,2021-10-13 13:22:34,HE1021-934,twr,,KA16LY
KS2a1K1_1,2021-10-13 13:22:48,HE1021-932,twr,,FR14AN
KS1a1K1_1,2021-10-14 11:56:06,HE1021-950,twr,,ER14CL
KS1a1K1_1,2021-10-14 11:56:13,HE1021-956,twr,,BÜ31MI
KS1a1K2_1,2021-10-14 11:57:26,HE1021-956,twr,,BÜ31MI
KS1c1U8_1,2021-10-14 11:58:20,HE1021-954,r,mittel,FU14KE
KS1c1U3_1,2021-10-14 11:58:55,HE1021-953,f,niedrig,LI13SI
KS1a1K3_1,2021-10-14 11:59:31,HE1021-956,f,,BÜ31MI
KS1a1K2_1,2021-10-14 11:59:45,HE1021-950,twr,,ER14CL
KS1a1K3_1,2021-10-14 12:01:11,HE1021-950,twr,,ER14CL
KS1a1K4_1,2021-10-14 12:01:56,HE1021-956,r,,BÜ31MI
KS1a1K2_1,2021-10-14 12:02:37,HE1021-952,r,,FR06BR
KS1c2U13_1,2021-10-14 12:11:03,HE1021-954,r,mittel,FU14KE
KS1a2K1_1,2021-10-14 12:14:45,HE1021-956,f,,BÜ31MI
KS1c4U6_1,2021-10-14 12:17:36,HE1021-954,r,mittel,FU14KE
KS1a2K2_1,2021-10-14 12:17:48,HE1021-956,twr,,BÜ31MI
KS1a2K3_1,2021-10-14 12:18:11,HE1021-951,twr,,WE20SA
KS1a2K1_1,2021-10-14 12:21:51,HE1021-952,twr,,FR06BR
KS1a2K4_1,2021-10-14 12:23:32,HE1021-951,r,,WE20SA
KS1a2K3_1,2021-10-14 12:24:29,HE1021-956,r,,BÜ31MI
KS1a2K2_1,2021-10-14 12:26:53,HE1021-952,twr,,FR06BR
KS1a4K1_1,2021-10-14 12:27:06,HE1021-951,twr,,WE20SA
KS1c5U10_1,2021-10-14 12:27:22,HE1021-954,f,hoch,FU14KE
KS1a4K3_1,2021-10-14 12:29:06,HE1021-950,r,,ER14CL
KS1a2K3_1,2021-10-14 12:33:10,HE1021-952,twr,,FR06BR
KS1a2K4_1,2021-10-14 12:34:03,HE1021-956,r,,BÜ31MI
KS1c5U8_1,2021-10-14 12:34:23,HE1021-953,twr,niedrig,LI13SI
KS1a2K4_1,2021-10-14 12:34:48,HE1021-952,f,,FR06BR
KS1c6U5_1,2021-10-14 12:36:00,HE1021-954,f,hoch,FU14KE
KS1a5K1_1,2021-10-14 12:36:26,HE1021-951,f,,WE20SA
KS1c6U4_1,2021-10-14 12:39:35,HE1021-953,r,niedrig,LI13SI
KS1a4K1_1,2021-10-14 12:41:45,HE1021-956,r,,BÜ31MI
KS1a4K1_1,2021-10-14 12:43:43,HE1021-952,r,,FR06BR
KS1a4K2_1,2021-10-14 12:44:41,HE1021-952,r,,FR06BR
KS1a4K2_1,2021-10-14 12:45:42,HE1021-956,r,,BÜ31MI
KS1c6U2_1,2021-10-14 12:45:51,HE1021-954,f,hoch,FU14KE
KS1a4K3_1,2021-10-14 12:46:33,HE1021-952,r,,FR06BR
KS1a5K1_1,2021-10-14 12:47:48,HE1021-950,f,,ER14CL
KS1a4K3_1,2021-10-14 12:49:03,HE1021-956,f,,BÜ31MI
KS1a4K4_1,2021-10-14 12:49:39,HE1021-952,r,,FR06BR
KS1a4K4_1,2021-10-14 12:51:56,HE1021-956,r,,BÜ31MI
KS1a5K1_1,2021-10-14 12:57:32,HE1021-952,twr,,FR06BR
KS1a5K2_1,2021-10-14 12:58:39,HE1021-952,twr,,FR06BR
KS1a5K3_1,2021-10-14 13:01:25,HE1021-952,r,,FR06BR
KS1a5K4_1,2021-10-14 13:03:00,HE1021-952,r,,FR06BR
KS1a5K1_1,2021-10-14 13:03:36,HE1021-956,r,,BÜ31MI
KS1a5K2_1,2021-10-14 13:05:28,HE1021-956,r,,BÜ31MI
KS1a5K3_1,2021-10-14 13:07:54,HE1021-956,f,,BÜ31MI
KS1a5K4_1,2021-10-14 13:10:58,HE1021-956,r,,BÜ31MI
KS1c2U13_1,2021-10-14 13:13:39,HE1021-952,r,mittel,FR06BR
KS1c2U9_1,2021-10-14 13:16:20,HE1021-952,r,mittel,FR06BR
KS2c2U6_1,2021-10-14 13:20:11,HE1021-953,r,,LI13SI
KS2c2U1_1,2021-10-14 13:21:32,HE1021-953,r,,LI13SI
KS2c2U10_1,2021-10-14 13:22:31,HE1021-953,twr,,LI13SI
KS2a1K2_1,2021-10-14 13:23:13,HE1021-952,twr,,FR06BR
KS2c2U2_1,2021-10-14 13:23:56,HE1021-953,r,,LI13SI
KD1c2U6_1,2021-10-15 11:07:16,HE1021-940,r,niedrig,GR04ST
KD1c2U7_1,2021-10-15 11:08:57,HE1021-940,r,niedrig,GR04ST
KD2a4K1_1,2021-10-15 11:09:16,HE1021-928,twr,,FR28JO
KD2a4K2_1,2021-10-15 11:10:49,HE1021-928,twr,,FR28JO
KS2d1U6_1,2021-10-15 11:10:51,HE1021-933,r,,SC24SY
KS2d2U4_1,2021-10-15 11:13:00,HE1021-933,twr,,SC24SY
KD2a4K1_1,2021-10-15 11:13:05,HE1021-922,r,,NI12KA
KS2c3U1_1,2021-10-15 11:13:09,HE1021-932,twr,niedrig,FR14AN
KS2c2U6_1,2021-10-15 11:15:11,HE1021-932,r,,FR14AN
KS2a1K1_1,2021-10-15 11:15:34,HE1021-952,twr,,FR06BR
KS3c2U9_1,2021-10-15 11:16:27,HE1021-953,r,mittel,LI13SI
KS2c2U4_1,2021-10-15 11:16:43,HE1021-932,r,,FR14AN
KD2a4K3_1,2021-10-15 11:16:54,HE1021-928,r,,FR28JO
KS2c6U7_1,2021-10-15 11:17:12,HE1021-924,f,hoch,BE19UT
KS2c2U1_1,2021-10-15 11:17:54,HE1021-932,twr,,FR14AN
KS1a1K1_1,2021-10-15 11:18:03,HE1021-942,r,,MA31CE
KD2a4K4_1,2021-10-15 11:18:37,HE1021-928,r,,FR28JO
KS2a1K3_1,2021-10-15 11:18:39,HE1021-952,twr,,FR06BR
KS3c1U5_1,2021-10-15 11:18:46,HE1021-953,r,niedrig,LI13SI
KS2c2U5_1,2021-10-15 11:19:34,HE1021-932,f,,FR14AN
KS2c6U8_1,2021-10-15 11:20:12,HE1021-924,r,hoch,BE19UT
KS1a1K2_1,2021-10-15 11:21:06,HE1021-942,r,,MA31CE
KS1a1K1_1,2021-10-15 11:21:39,HE1021-957,r,,DR17CO
KS2c2U2_1,2021-10-15 11:21:41,HE1021-932,twr,,FR14AN
KS2c2U3_1,2021-10-15 11:22:05,HE1021-932,twr,,FR14AN
KS3c1U6_1,2021-10-15 11:22:38,HE1021-953,r,niedrig,LI13SI
KS2c3U3_1,2021-10-15 11:22:39,HE1021-932,r,niedrig,FR14AN
KS2c6U8_1,2021-10-15 11:25:04,HE1021-954,r,hoch,FU14KE
KD2a1K3_1,2021-10-15 11:25:37,HE1021-928,r,,FR28JO
KS2c3U6_1,2021-10-15 11:25:37,HE1021-932,r,niedrig,FR14AN
KS3c1U8_1,2021-10-15 11:26:07,HE1021-953,r,niedrig,LI13SI
KS2a2K1_1,2021-10-15 11:26:21,HE1021-952,r,,FR06BR
KS2c3U4_1,2021-10-15 11:27:00,HE1021-932,r,niedrig,FR14AN
KS2a2K2_1,2021-10-15 11:27:34,HE1021-952,twr,,FR06BR
KD2c4U2_1,2021-10-15 11:28:35,HE1021-940,r,niedrig,GR04ST
KS2d2U9_1,2021-10-15 11:28:40,HE1021-933,twr,,SC24SY
KS2c3U7_1,2021-10-15 11:29:23,HE1021-932,twr,hoch,FR14AN
KS2a2K3_1,2021-10-15 11:29:28,HE1021-952,r,,FR06BR
KS3c1U2_1,2021-10-15 11:29:35,HE1021-953,r,niedrig,LI13SI
KD2c4U4_1,2021-10-15 11:30:32,HE1021-940,r,niedrig,GR04ST
KS2c3U2_1,2021-10-15 11:31:40,HE1021-932,r,hoch,FR14AN
KD2c4U1_1,2021-10-15 11:31:46,HE1021-940,twr,niedrig,GR04ST
KS3c1U7_1,2021-10-15 11:31:54,HE1021-953,r,mittel,LI13SI
KS3c1U9_1,2021-10-15 11:32:44,HE1021-953,r,mittel,LI13SI
KS2c4U1_1,2021-10-15 11:33:18,HE1021-932,r,niedrig,FR14AN
KS3c1U10_1,2021-10-15 11:33:38,HE1021-953,r,mittel,LI13SI
KS2c4U8_1,2021-10-15 11:34:03,HE1021-932,twr,mittel,FR14AN
KD2c4U9_1,2021-10-15 11:34:12,HE1021-940,,hoch,GR04ST
KD2c4U9_1,2021-10-15 11:34:12,HE1021-940,twr,hoch,GR04ST
KS2c4U6_1,2021-10-15 11:35:44,HE1021-932,twr,hoch,FR14AN
KS2c5U3_1,2021-10-15 11:37:41,HE1021-932,r,niedrig,FR14AN
KS2a3K1_1,2021-10-15 11:38:13,HE1021-952,twr,,FR06BR
KS2c5U9_1,2021-10-15 11:38:57,HE1021-932,r,mittel,FR14AN
KS2c5U10_1,2021-10-15 11:39:59,HE1021-932,r,hoch,FR14AN
KS3c1U4_1,2021-10-15 11:41:48,HE1021-924,twr,hoch,BE19UT
KS1a2K3_1,2021-10-15 11:42:17,HE1021-942,twr,,MA31CE
KS2a3K2_1,2021-10-15 11:42:55,HE1021-952,twr,,FR06BR
KS2a3K3_1,2021-10-15 11:44:34,HE1021-952,twr,,FR06BR
KS2a3K4_1,2021-10-15 11:46:53,HE1021-952,r,,FR06BR
KS3c2U11_1,2021-10-15 11:47:16,HE1021-924,twr,mittel,BE19UT
KS3c1U11_1,2021-10-15 11:49:22,HE1021-933,r,hoch,SC24SY
KS2c3U1_1,2021-10-15 11:52:46,HE1021-953,r,niedrig,LI13SI
KS1a4K1_1,2021-10-15 11:53:08,HE1021-942,r,,MA31CE
KS2a4K1_1,2021-10-15 11:53:16,HE1021-952,r,,FR06BR
KS1a4K2_1,2021-10-15 11:54:18,HE1021-942,r,,MA31CE
KD1a2K1_1,2021-10-15 11:54:48,HE1021-951,f,,WE20SA
KS2a4K2_1,2021-10-15 11:54:56,HE1021-952,r,,FR06BR
KS3c4U4_1,2021-10-15 11:55:04,HE1021-924,r,mittel,BE19UT
KS2c4U1_1,2021-10-15 11:55:58,HE1021-953,r,niedrig,LI13SI
KS2a4K3_1,2021-10-15 11:56:29,HE1021-952,r,,FR06BR
KS1a4K3_1,2021-10-15 11:58:36,HE1021-942,r,,MA31CE
KD1a2K3_1,2021-10-15 11:58:51,HE1021-928,r,,FR28JO
KD1a2K4_1,2021-10-15 12:00:49,HE1021-928,f,,FR28JO
KS3a7K2_1,2021-10-15 12:00:55,HE1021-932,twr,,FR14AN
KD1c2U1_1,2021-10-15 12:02:10,HE1021-928,r,mittel,FR28JO
KS2a5K1_1,2021-10-15 12:03:07,HE1021-952,twr,,FR06BR
KD1c2U10_1,2021-10-15 12:03:37,HE1021-928,r,mittel,FR28JO
KD1c2U10_1,2021-10-15 12:03:37,HE1021-928,r,hoch,FR28JO
KD1c3U8_1,2021-10-15 12:05:33,HE1021-928,f,hoch,FR28JO
KS1a5K1_1,2021-10-15 12:05:52,HE1021-942,r,,MA31CE
KS3a7K3_1,2021-10-15 12:06:01,HE1021-932,twr,,FR14AN
KS2a5K2_1,2021-10-15 12:07:15,HE1021-952,r,,FR06BR
KS2a2K1_1,2021-10-15 12:07:43,HE1021-957,twr,,DR17CO
KS2a5K3_1,2021-10-15 12:09:21,HE1021-952,r,,FR06BR
KS3c5U4_1,2021-10-15 12:09:36,HE1021-933,r,hoch,SC24SY
KD1c2U7_1,2021-10-15 12:09:55,HE1021-928,r,niedrig,FR28JO
KS2a5K4_1,2021-10-15 12:10:37,HE1021-952,r,,FR06BR
KS3c1U5_1,2021-10-15 12:12:04,HE1021-932,r,niedrig,FR14AN
KS3c1U1_1,2021-10-15 12:15:19,HE1021-932,r,niedrig,FR14AN
KS3c4U5_1,2021-10-15 12:15:26,HE1021-933,r,hoch,SC24SY
KS1c1U6_1,2021-10-15 12:16:21,HE1021-942,r,niedrig,MA31CE
KS3c1U9_1,2021-10-15 12:16:32,HE1021-932,r,mittel,FR14AN
KS3c1U10_1,2021-10-15 12:17:23,HE1021-932,twr,mittel,FR14AN
KS3c1U3_1,2021-10-15 12:18:09,HE1021-932,r,mittel,FR14AN
KS3c6U5_1,2021-10-15 12:18:22,HE1021-933,r,hoch,SC24SY
KS3c2U6_1,2021-10-15 12:19:10,HE1021-924,twr,niedrig,BE19UT
KS1c2U1_1,2021-10-15 12:22:22,HE1021-942,r,niedrig,MA31CE
KS1c2U9_1,2021-10-15 12:23:29,HE1021-942,twr,mittel,MA31CE
KS1c5U8_1,2021-10-15 12:26:36,HE1021-942,r,niedrig,MA31CE
KS3c2U1_1,2021-10-15 12:31:27,HE1021-924,twr,mittel,BE19UT
KS3c2U3_1,2021-10-15 12:32:46,HE1021-924,f,mittel,BE19UT
