,User,NSt_Pre,NSt_Post,NSt_Diff,SWJK,Note,SWK,FSK,AV,ALZO,VLZO,LZO,Inte,KLO,KLW,MKL,RZM,RSA,RAK,RF_Pre,RF_Post,RF_Diff,TestsActs,ÜbungenActs,KurzaufgabenActs,BeispieleActs,BK_InfoActs,Ü_InfoActs,Übersicht,LearnActs,InfoActs,Learn2Acts,Info2Acts,TotActs,Learn,Info,Learn2,Info2,Tot,ShortLearnActs,ShortInfoActs,LongLearnActs,LongInfoActs,K+BActs,K+ÜActs,K+Ü+TActs,K+B+ÜActs,K+BKIActs,B+BKIActs,Ü+ÜIActs,BKI+ÜIActs,K+B+BKIActs,K+B+BKI+ÜIActs,K+B+BKI+Ü+ÜIActs,readActs,Tests_TimePerAct,Übungen_TimePerAct,Kurzaufgaben_TimePerAct,Beispiele_TimePerAct,BK_Info_TimePerAct,Ü_Info_TimePerAct,Learn_TimePerAct,Info_TimePerAct,Learn2_TimePerAct,Info2_TimePerAct,Tot_TimePerAct,K+B_TimePerAct,K+Ü_TimePerAct,K+Ü+T_TimePerAct,K+B+Ü_TimePerAct,K+BKI_TimePerAct,B+BKI_TimePerAct,Ü+ÜI_TimePerAct,BKI+ÜI_TimePerAct,K+B+BKI_TimePerAct,K+B+BKI+ÜI_TimePerAct,K+B+BKI+Ü+ÜI_TimePerAct,read_TimePerAct,duplicates,nCat,LearnTypeEntropy,CategoryEntropy,DidTest,f1,f2,f12,f1Amp,f2Amp,f12Amp,fMean,PredChance1,PredChance2,PredChance3,PredChance4,CondEntropy1,CondEntropy2,CondEntropy3,CondEntropy4,BeforeTestTime,AfterTestTime,TimePerCat,TRegr Fit,ÜRegr Fit,BKRegr Fit,CatTRegr Fit,CatÜRegr Fit,CatBKRegr Fit,DiffLowRegr Fit,DiffMedRegr Fit,DiffHighRegr Fit,KÜfRegr Fit,KÜtwrRegr Fit,KÜrRegr Fit,TResQuantRegr Fit,TSecSpentRegr Fit,ÜSecSpentRegr Fit,BKSecSpentRegr Fit,SecSpentRegr Fit,meanResponsTask,meanTestResQual,meanTestResQuant,meandifficulty,nResponsTask,nTestResQual,nTestResQuant,ndifficulty,backfrac,foolfrac1,foolfrac2,foolfrac12,Tests,Übungen,Kurzaufgaben,Beispiele,BK_Info,Ü_Info,Cat_0,Cat_1,Cat_2,Cat_3,Cat_4,Cat_5,Grund,Erweitert,K+B,K+Ü,K+Ü+T,K+B+Ü,K+BKI,B+BKI,Ü+ÜI,BKI+ÜI,K+B+BKI,K+B+BKI+ÜI,K+B+BKI+Ü+ÜI,ShortActs,LongActs,read,LearnPerc,InfoPerc,Learn2Perc,Info2Perc,LearnActsPerc,InfoActsPerc,Learn2ActsPerc,Info2ActsPerc,duplicatesPerc,ShortLearnActsPerc,ShortInfoActsPerc,LongLearnActsPerc,LongInfoActsPerc,ShortActsPerc,LongActsPerc
0,0,-0.67,0.12,0.79,-1.14,2.4,1.65,0.24,-0.43,0.08,-0.38,2.01,0.99,2.36,0.68,0.63,-1.76,4.83,-10.92,-2.07,-0.92,1.15,10,6,9,19,41,4,163,44,45,25,63,103,4637,3599,3841,4395,8399,9,28,3,5,28,15,25,34,50,60,10,45,69,73,79,60,4.36,1.647222222222222,1.1703703703703705,0.6982456140350877,1.431707317073171,0.3208333333333333,1.756439393939394,1.332962962962963,2.560666666666666,1.1626984126984126,1.3590614886731391,0.85,1.3611111111111112,2.560666666666666,0.9906862745098038,1.3846666666666667,1.1994444444444443,1.1166666666666667,1.332962962962963,1.1956521739130437,1.147716894977169,1.1856540084388183,1.1994444444444443,61,2,84.16007352832787,38.61108079858308,1,13,4,8.5,29.545454545454547,27.27272727272727,56.81818181818181,10.55897435897436,85.29411764705883,88.11881188118812,93.0,94.94949494949496,38.67294743305351,34.75065186133701,26.1775724160792,16.67215154138332,21.008333333333333,27.183333333333334,69.99166666666666,0.3595258429604078,0.0173731300673658,-0.3768989730277736,0.2496447086848879,0.1007937279484938,-0.3504384366333816,0.0,0.0,0.0,0.0,0.0,0.0,7.460652689309026,-1091.848168626044,619.2723476157299,436.030804333987,259.46399989808634,1.5,1.0,54.0,0.0,4,2,2,6,0.1,0.375,0.075,0.45,31.146565067269915,7.060364329086796,7.52470532206215,9.47731872842005,41.9335635194666,0.916775806643648,47.42231218002143,52.57768781997857,0.0,0.0,0.0,0.0,100.0,0.0,17.002024050482202,14.585069651148949,45.73163471841886,24.062388379569,49.45826884152875,51.41088224788666,7.977140135730444,42.85033932611025,58.9355875699488,59.85236337659246,66.91272770567925,0.4405286343612335,0.0952494344564829,51.41088224788666,55.208953446838905,42.85033932611025,45.73163471841886,52.3276580545303,42.71844660194174,43.68932038834952,24.271844660194176,61.16504854368932,59.22330097087378,8.737864077669903,27.184466019417474,2.912621359223301,4.854368932038835,0.4276977032633334,0.092475179083964
1,2,0.33,0.61,0.2799999999999999,-1.64,1.5,-0.64,-1.59,-0.71,-0.35,-2.91,1.12,1.46,0.24,1.11,0.96,0.84,-0.23,-3.62,-0.79,-0.26,0.53,0,5,40,0,21,2,77,45,23,45,45,82,5882,2369,5882,2369,8328,0,4,19,0,40,45,45,45,61,21,7,23,61,63,68,21,0.0,1.4333333333333331,2.271666666666667,0.0,1.8642857142857143,0.1666666666666666,2.1785185185185183,1.7166666666666666,2.1785185185185183,0.8774074074074074,1.6926829268292682,2.271666666666667,2.1785185185185183,2.1785185185185183,2.1785185185185183,2.1314207650273227,1.8642857142857143,1.0714285714285716,1.7166666666666666,2.1314207650273227,2.069047619047619,2.022303921568628,1.8642857142857143,12,6,49.092155547385566,77.54484863691246,0,24,16,20.0,53.333333333333336,35.55555555555556,88.88888888888889,27.50333333333333,88.88888888888889,92.5,92.40506329113924,92.3076923076923,43.89323117368463,35.438272498340616,26.15583008122613,23.59294599725721,0.0,0.0,23.133333333333333,0.0,0.0638748710669687,-0.0638748710669699,0.0,0.057286170814042,-0.0572861708140425,0.0,0.0,0.0,0.0235620723185525,-0.242773569952643,0.2192114976340909,0.0,0.0,1265.734059997202,-15.699671294618309,-8.479685301277144,1.3571428571428572,-1.0,-1.0,0.0,42,0,0,5,0.0,0.6222222222222222,0.0666666666666666,0.6888888888888889,0.0,5.163304514889529,65.46589817483189,0.0,28.206051873198845,0.2401536983669548,43.03554274735831,27.485590778097983,5.5235350624399615,6.460134486071086,16.786743515850144,0.7084534101825168,100.0,0.0,65.46589817483189,70.62920268972142,70.62920268972142,70.62920268972142,93.67195004803074,28.206051873198845,5.403458213256484,28.4462055715658,93.67195004803074,93.91210374639768,99.07540826128722,0.0480307396733909,0.2281460134486071,28.206051873198845,70.62920268972142,28.4462055715658,70.62920268972142,28.4462055715658,54.87804878048781,28.04878048780488,54.87804878048781,54.87804878048781,14.634146341463412,0.0,4.878048780487805,23.170731707317078,0.0,0.058574072772428,0.278226845669033
2,3,-0.09,0.44,0.53,-1.38,1.4,0.52,1.1,-0.81,-1.5,-5.62,2.01,0.99,0.23,2.5,-0.33,-5.33,0.14,4.69,-1.6,-0.57,1.0300000000000002,0,0,18,11,19,0,125,29,19,18,40,53,2267,1404,1738,1933,3796,3,0,6,0,29,18,18,29,37,30,0,19,48,48,48,30,0.0,0.0,1.6092592592592594,0.8015151515151515,1.231578947368421,0.0,1.3028735632183908,1.231578947368421,1.6092592592592594,0.8054166666666667,1.193710691823899,1.3028735632183908,1.6092592592592594,1.6092592592592594,1.3028735632183908,1.4153153153153153,1.073888888888889,0.0,1.231578947368421,1.274652777777778,1.274652777777778,1.274652777777778,1.073888888888889,18,3,62.18066792718358,24.629171563540748,0,4,1,2.5,68.96551724137932,17.24137931034483,86.20689655172414,61.18333333333333,96.15384615384616,96.07843137254902,96.0,95.91836734693877,32.064811426401704,22.39407312939908,22.146527289307823,21.887184832478194,0.0,0.0,21.08888888888889,0.0,0.0,-1.0709499668458266e-15,0.0,0.0,4.1055509063949794e-16,0.0,0.0,0.0,0.3394871676698046,0.9437611285256045,-1.2832482961954104,0.0,0.0,0.0,32.87165873385712,32.87165873385712,1.4,-1.0,-1.0,-1.0,10,0,0,0,0.1034482758620689,0.5862068965517241,0.1034482758620689,0.689655172413793,0.0,0.0,45.785036880927294,13.93572181243414,36.98630136986301,0.0,2.5816649104320337,0.0,0.0,9.957850368809272,87.46048472075869,0.0,100.0,0.0,59.72075869336143,45.785036880927294,45.785036880927294,59.72075869336143,82.77133825079031,50.92202318229716,0.0,36.98630136986301,96.70706006322445,96.70706006322445,96.70706006322445,0.0790305584826132,0.1580611169652265,50.92202318229716,59.72075869336143,36.98630136986301,45.785036880927294,50.92202318229716,54.71698113207547,35.84905660377358,33.9622641509434,75.47169811320755,33.9622641509434,5.660377358490567,0.0,11.320754716981131,0.0,0.1491142612879495,0.2982285225758991
3,4,0.04,0.27,0.23,-0.3,1.7,1.65,1.57,-2.69,-1.77,-4.31,0.33,1.91,0.79,1.11,1.51,-1.76,1.1,1.29,-2.07,-0.57,1.5,6,13,2,5,18,6,301,26,24,21,31,72,3502,3574,3149,3927,7377,2,8,1,4,7,15,21,20,20,23,19,24,25,31,44,23,5.077777777777778,1.6192307692307693,0.4833333333333333,1.1766666666666663,3.1175925925925925,0.575,2.2448717948717944,2.4819444444444443,2.499206349206349,2.111290322580645,1.7076388888888887,0.9785714285714284,1.4677777777777776,2.499206349206349,1.395,2.8541666666666665,2.6956521739130435,1.2894736842105263,2.4819444444444443,2.518666666666667,2.14247311827957,1.987878787878788,2.6956521739130435,18,6,75.70654321374676,98.80093636730328,1,9,3,6.0,34.61538461538461,23.07692307692308,57.69230769230769,13.103703703703705,76.05633802816901,87.14285714285714,91.30434782608695,94.11764705882352,62.382759526694585,42.42407342068033,33.23637170625567,28.671497554029823,5.7,6.511111111111111,20.491666666666667,0.2354642125578305,-0.7680162936313719,0.5325520810735414,-0.0386498955466602,-0.1040483561559202,0.14269825170258,0.058876024968634,-0.4134764331676097,0.3546004081989757,0.0,0.0,0.0,76.49842501184958,-1264.7730760814447,-18.134263784058888,462.13354843261226,61.25701167656092,0.3333333333333333,0.5,52.0,1.0,3,2,2,13,0.217391304347826,0.217391304347826,0.1304347826086956,0.3478260869565217,24.779720753693912,17.120780805205367,0.786227463738647,4.785143012064525,45.64185983462112,2.8060187067913787,23.96638199810221,14.368984682120104,14.694320184356783,13.067642673173378,16.239663819981022,17.663006642266506,93.35773349600107,6.642266503998916,5.571370475803173,17.907008268944015,42.686729022637934,22.69215128100854,46.42808729835976,50.42700284668564,19.926799511996744,48.4478785414125,51.21323031042429,54.01924901721568,71.14002982242104,0.1355564592652839,0.0677782296326419,50.42700284668564,47.47187203470246,48.4478785414125,42.686729022637934,53.23302155347702,36.11111111111111,33.33333333333333,29.166666666666668,43.05555555555556,25.0,2.7777777777777777,11.11111111111111,1.3888888888888888,5.555555555555555,0.1882728600906721,0.094136430045336
4,5,-0.56,0.61,1.17,-1.14,3.2,-0.64,-0.9,0.58,-0.79,-1.42,1.72,0.92,-0.7,-1.14,0.03,-3.02,-0.23,-0.16,-2.62,-0.57,2.0500000000000003,4,1,4,36,68,2,294,45,70,9,81,140,2596,4897,1083,6410,7787,12,23,2,2,40,5,9,41,72,104,3,70,108,110,111,104,3.1083333333333334,0.4166666666666667,1.3,0.700462962962963,1.1901960784313723,0.3416666666666667,0.9614814814814816,1.1659523809523809,2.0055555555555555,1.3189300411522633,0.9270238095238096,0.7604166666666666,1.1233333333333335,2.0055555555555555,0.7520325203252033,1.1962962962962962,1.020673076923077,0.3666666666666666,1.1659523809523809,1.0310185185185186,1.0184848484848483,1.013063063063063,1.020673076923077,64,6,62.62289814521643,92.92242402762427,1,18,10,14.0,40.0,22.22222222222222,62.22222222222222,17.84047619047619,87.76978417266187,89.13043478260869,90.51094890510949,93.38235294117648,37.05679923219167,29.38352790399088,27.91370822299182,26.346731545395365,2.933333333333333,0.0,21.630555555555556,0.1233765429430048,0.0081936314180887,-0.1315701743610933,0.1085773093388901,0.013101165747664,-0.1216784750865542,0.0,0.0,0.0,0.0,0.0,0.0,0.0,-4473.021458767304,978.5920541670812,23.68438839578656,16.440990351359062,-1.0,1.0,50.0,0.0,0,1,1,1,0.1538461538461538,0.2307692307692307,0.0256410256410256,0.2564102564102564,9.580069346346477,0.3210479003467317,4.006677796327212,19.429818928984204,62.36034416334917,0.52651855656864,11.840246564787469,14.76820341594966,25.64530627969693,3.801207140105304,26.492872736612306,17.452163862848337,78.52831642481058,21.471683575189417,23.436496725311414,4.327725696673944,13.907795043020418,23.75754462565815,66.36702195967639,81.79016309233337,0.8475664569153718,62.886862719917815,85.79684088866058,86.32335944522923,86.64440734557596,0.4494670604854244,0.051367664055477,81.79016309233337,33.33761397200462,62.886862719917815,13.907795043020418,82.31668164890202,32.142857142857146,50.0,6.428571428571428,57.85714285714286,45.71428571428572,8.571428571428571,16.428571428571427,1.4285714285714286,1.4285714285714286,0.3210479003467317,0.036691188611055
5,6,0.33,0.61,0.2799999999999999,0.1,2.4,1.09,3.1,-1.02,0.3,-2.46,2.01,2.12,1.26,0.68,-0.05,-1.76,-0.71,1.29,-1.17,-0.26,0.91,0,0,17,33,47,0,77,50,47,17,83,108,5116,3217,2739,5594,8410,6,9,15,1,50,17,17,50,64,80,0,47,97,97,97,80,0.0,0.0,2.685294117647059,1.2005050505050503,1.1407801418439716,0.0,1.7053333333333331,1.1407801418439716,2.685294117647059,1.123293172690763,1.2978395061728394,1.7053333333333331,2.685294117647059,2.685294117647059,1.7053333333333331,1.5510416666666669,1.1654166666666663,0.0,1.1407801418439716,1.431786941580756,1.431786941580756,1.431786941580756,1.1654166666666663,47,4,67.78556709936956,58.80930794952709,0,4,2,3.0,48.0,16.0,64.0,138.88333333333333,92.5233644859813,93.39622641509436,93.33333333333331,93.26923076923076,44.13394191803883,43.10527708574112,41.19109078877145,39.90422261937313,0.0,0.0,35.041666666666664,0.0,0.0,8.107243028650934e-16,0.0,0.0,3.2888988566306893e-16,0.0,0.0,0.0,0.0502907004821015,0.0,-0.0502907004821013,0.0,0.0,0.0,31.797155748841146,31.797155748841146,1.8,-1.0,-1.0,-1.0,10,0,0,0,0.02,0.78,0.04,0.8200000000000001,0.0,0.0,32.56837098692033,28.26397146254459,38.25208085612366,0.0,9.417360285374556,0.0,12.615933412604043,14.60166468489893,63.36504161712247,0.0,100.0,0.0,60.832342449464925,32.56837098692033,32.56837098692033,60.832342449464925,70.820451843044,66.51605231866824,0.0,38.25208085612366,99.0844233055886,99.0844233055886,99.0844233055886,0.178359096313912,0.1902497027348395,66.51605231866824,60.832342449464925,38.25208085612366,32.56837098692033,66.51605231866824,46.2962962962963,43.51851851851852,15.74074074074074,76.85185185185185,43.51851851851852,5.555555555555555,8.333333333333332,13.88888888888889,0.9259259259259258,0.1651473114017703,0.1761571321618884
6,7,0.18,0.34,0.16,2.09,2.5,-0.05,-1.84,-1.02,-2.07,1.1,2.01,-1.19,1.26,0.28,-0.33,-5.33,-1.46,9.67,-1.17,-1.31,-0.1400000000000001,12,17,20,26,57,17,90,75,74,49,101,161,7298,1204,6365,2137,8592,10,49,4,0,46,37,49,63,77,83,34,74,103,120,137,83,5.288888888888889,1.2264705882352942,1.0883333333333334,0.5980769230769231,0.2461988304093567,0.3549019607843137,1.6217777777777778,0.2711711711711712,2.1649659863945576,0.3526402640264026,0.8894409937888199,0.811231884057971,1.151801801801802,2.1649659863945576,0.9232804232804234,0.4649350649350649,0.356425702811245,0.7906862745098039,0.2711711711711712,0.4985436893203883,0.4781944444444444,0.5710462287104623,0.356425702811245,86,3,89.12105427534522,44.879991243077264,1,4,6,5.0,26.666666666666668,24.0,50.66666666666667,9.446666666666664,89.375,89.937106918239,91.13924050632912,93.63057324840764,29.40597505951219,24.347563500871143,20.279821208261627,18.977560485770383,37.55,0.0416666666666666,47.73333333333333,0.3360333661932571,0.2017380387935554,-0.5377714049868128,0.2385635376730563,0.207219640969329,-0.4457831786423868,-0.6234930131422147,0.4592550810648892,0.1642379320773255,0.0,0.0,0.0,-13.358840106036284,379.99765755520826,-180.95405089669543,-14.604592704773363,83.22826552903145,1.5,1.3333333333333333,70.33333333333333,1.0,2,3,3,17,0.0895522388059701,0.3582089552238806,0.1194029850746268,0.4776119402985074,44.32029795158287,14.560055865921786,15.200186219739292,10.858938547486034,9.799813780260708,4.213221601489757,54.56238361266295,42.26024208566108,3.177374301675977,0.0,0.0,0.0,100.0,0.0,26.059124767225327,29.760242085661083,74.08054003724395,40.61918063314711,25.0,20.65875232774674,18.773277467411543,14.013035381750466,35.858938547486034,40.0721601489758,54.63221601489758,0.6866852886405959,0.0465549348230912,20.65875232774674,84.93947858472998,14.013035381750466,74.08054003724395,24.8719739292365,46.58385093167702,45.962732919254655,30.434782608695656,62.732919254658384,53.41614906832298,6.211180124223603,30.434782608695656,2.484472049689441,0.0,0.4265126016401216,0.0289161085857709
7,8,1.36,0.27,-1.09,0.52,1.3,0.52,1.57,-2.19,0.3,1.31,1.43,1.52,1.26,1.11,0.13,0.05,0.6,-6.85,0.52,-1.31,-1.83,4,52,0,11,34,32,90,67,66,56,78,146,6136,2143,5854,2425,8369,3,35,4,0,11,52,56,63,34,45,84,66,45,77,129,45,2.8291666666666666,1.6586538461538465,0.0,0.4272727272727273,0.878921568627451,0.1822916666666666,1.5263681592039802,0.5411616161616162,1.7422619047619048,0.5181623931623932,0.9553652968036528,0.4272727272727273,1.6586538461538465,1.7422619047619048,1.4436507936507936,0.878921568627451,0.7685185185185186,1.0962301587301586,0.5411616161616162,0.7685185185185186,0.5248917748917749,0.9819121447028424,0.7685185185185186,50,6,57.25252980854499,82.73924612341686,1,21,15,18.0,31.343283582089555,22.388059701492537,53.73134328358209,10.614102564102565,90.3448275862069,92.36111111111111,93.7062937062937,94.3661971830986,31.48535437321514,24.08809597775674,19.8932725610013,18.922381694768884,20.116666666666667,14.675,23.24722222222222,0.0614628269271011,0.1060561477237161,-0.1675189746508174,-0.0153701773169303,1.0747833307029255,-1.0594131533859958,-0.4079405944641444,0.0683258669755322,0.339614727488612,-0.0841601775266979,-0.183589145110111,0.2677493226368091,0.0,1115.977661381335,43.78289719634012,134.31752053416403,45.20320762506896,1.64,1.0,58.0,1.1923076923076923,25,1,1,52,0.0923076923076923,0.2769230769230769,0.0307692307692307,0.3076923076923077,8.113275182220098,61.8353447245788,0.0,3.369578205281396,21.42430397897001,4.182100609391803,17.278049946230134,22.643087585135618,35.3566734376867,0.94395985183415,2.9752658621101684,20.802963317003226,100.0,0.0,3.369578205281396,61.8353447245788,69.94861990679891,65.2049229298602,21.42430397897001,24.7938821842514,66.0174453339706,25.606404588361816,24.7938821842514,28.975982793643208,90.811327518222,0.45405663759111,0.0477954355359063,24.7938821842514,73.3181981120803,25.606404588361816,69.94861990679891,28.975982793643208,45.89041095890411,45.20547945205479,38.35616438356164,53.42465753424658,34.24657534246575,2.054794520547945,23.972602739726025,2.73972602739726,0.0,0.3109976969802123,0.0327365996821276
8,9,-0.87,0.0,0.0,-4.93,3.2,2.84,1.26,-1.16,-1.5,-5.62,4.76,0.75,0.0,0.0,0.0,0.0,0.0,0.0,-2.07,0.0,0.0,0,20,3,4,8,14,70,27,22,23,31,57,2551,938,2088,1401,3559,0,11,3,0,7,23,23,27,11,12,34,22,15,29,49,12,0.0,1.4425,1.9833333333333332,1.9291666666666667,1.075,0.5023809523809524,1.5746913580246913,0.7106060606060606,1.5130434782608695,0.753225806451613,1.040643274853801,1.9523809523809523,1.5130434782608695,1.5130434782608695,1.5746913580246913,1.3227272727272728,1.359722222222222,1.0553921568627451,0.7106060606060606,1.4844444444444445,1.0103448275862068,1.186734693877551,1.359722222222222,29,2,67.21785472187291,27.154574892443108,0,17,3,10.0,62.96296296296296,22.22222222222222,85.18518518518519,14.5375,91.07142857142856,94.54545454545456,94.44444444444444,94.33962264150944,34.54675384524075,28.893686030897136,19.22647572099268,18.198351865577205,0.0,0.0,29.65833333333333,0.0,0.9401846574768682,-0.9401846574768687,0.0,0.940472199137598,-0.9404721991375972,0.7067572781889071,0.6400683370381378,-1.346825615227045,0.0,0.0,0.0,0.0,0.0,-38.74563632142029,-79.10546029630183,-49.44441218684999,1.0,-1.0,-1.0,1.0,5,0,0,20,0.1481481481481481,0.1111111111111111,0.074074074074074,0.1851851851851851,0.0,48.637257656645126,10.030907558302896,13.009272267490868,14.498454622084855,11.85726327620118,80.97780275358247,19.022197246417534,0.0,0.0,0.0,0.0,100.0,0.0,23.040179825793764,58.66816521494802,58.66816521494802,71.67743748243889,24.52936218038775,27.50772688957572,60.49452093284631,26.355717898286034,37.53863444787861,49.3958977240798,98.03315538072492,0.3090755830289407,0.0842933408260747,27.50772688957572,71.67743748243889,26.355717898286034,58.66816521494802,39.3649901657769,47.368421052631575,38.59649122807017,40.35087719298245,54.38596491228071,50.877192982456144,0.0,19.29824561403509,5.263157894736842,0.0,0.5422378649630539,0.1478830540808328
9,10,-0.33,-0.44,-0.1099999999999999,-0.5,1.9,-1.21,-1.58,-0.43,0.08,-2.46,0.33,1.16,1.55,1.56,1.85,-0.78,2.37,-6.85,-2.07,-3.03,-0.96,15,24,36,33,91,19,69,108,110,75,141,232,6496,1889,6144,2241,8454,41,70,3,0,69,60,75,93,127,124,43,110,160,179,203,124,3.306666666666666,1.234722222222222,0.6435185185185186,0.1777777777777777,0.2992673992673992,0.2236842105263158,1.002469135802469,0.2862121212121212,1.3653333333333333,0.2648936170212766,0.6073275862068965,0.4207729468599034,0.88,1.3653333333333333,0.6308243727598567,0.3968503937007874,0.2669354838709677,0.787984496124031,0.2862121212121212,0.3516666666666667,0.3380819366852886,0.4440886699507389,0.2669354838709677,120,3,90.77111085011433,56.94642819802205,1,4,3,3.5,33.33333333333333,25.0,58.33333333333333,8.220588235294118,92.2077922077922,92.17391304347828,92.5764192139738,94.2982456140351,23.03374810678861,19.38746517530099,16.74876628849259,16.44012583978585,31.516666666666666,1.525,46.96666666666667,0.286350881147297,-0.0668753617372215,-0.2194755194100757,0.2384157008406185,-0.1288547884934014,-0.1095609123472171,-0.2868328341023785,0.0058207309708591,0.2810121031315185,0.0990180272530883,-0.0004649559474261,-0.0985530713056624,-11.298292488144163,-166.53164859848658,-17.850118610161637,11.349596114513847,-11.812728930021825,1.125,1.0,63.0,0.875,16,5,5,24,0.0721649484536082,0.4742268041237113,0.1649484536082474,0.6391752577319587,35.20227111426544,21.0314643955524,16.441920984149515,4.163709486633546,19.32812869647504,3.0163236337828248,49.751596877217885,32.351549562337354,17.896853560444757,0.0,0.0,0.0,100.0,0.0,20.605630470783066,37.47338537970192,72.67565649396735,41.63709486633546,35.77004968062455,23.491838183108587,24.047788029335223,22.344452330257862,39.9337591672581,42.95008280104093,63.981547196593326,1.312987934705465,0.0354861603974449,23.491838183108587,76.8393659806009,22.344452330257862,72.67565649396735,26.508161816891413,46.55172413793103,47.41379310344828,32.327586206896555,60.77586206896552,51.72413793103448,17.67241379310345,30.17241379310345,1.293103448275862,0.0,0.5659430753040797,0.0152957587920021
10,11,0.65,1.26,0.61,0.0,1.2,0.0,1.1,-1.02,0.3,-1.73,3.59,0.0,1.55,-0.44,0.23,-1.24,-0.71,5.74,-1.17,-0.26,0.91,14,1,19,24,60,2,118,58,62,34,82,135,6345,2343,5817,2871,8806,14,29,2,0,43,20,34,44,79,84,3,62,103,105,106,84,4.953571428571428,0.1666666666666666,1.443859649122807,0.3666666666666666,0.6430555555555556,0.2333333333333333,1.8232758620689653,0.6298387096774193,2.851470588235294,0.5835365853658537,1.0871604938271604,0.8426356589147287,1.38,2.851470588235294,0.8272727272727273,0.8356540084388187,0.5640873015873016,0.2111111111111111,0.6298387096774193,0.7263754045307443,0.716984126984127,0.7117924528301887,0.5640873015873016,57,5,75.43808774349834,87.05069396145893,1,3,2,2.5,31.03448275862069,24.13793103448276,55.172413793103445,11.138461538461538,91.04477611940298,92.4812030075188,93.93939393939394,96.94656488549616,30.19045058658289,18.14156793854445,15.933601170671675,13.69625380836916,15.483333333333333,0.0,29.35333333333333,0.3155712602057953,-0.0026637620984037,-0.3129074981073917,0.6190961857932011,0.0210876633602534,-0.6401838491534548,0.0,0.0,0.0,0.0,0.0,0.0,-21.05902053576405,-445.68718403147614,1487.603305785124,5.559803912650441,31.45943027680704,2.0,1.4,69.2,1.0,1,5,5,1,0.0212765957446808,0.2765957446808511,0.0638297872340425,0.3404255319148936,47.25187372246196,0.1135589370883488,18.69180104474222,5.99591187826482,26.28889393595276,0.3179650238473768,22.416534181240063,22.13263683851919,19.532137179196003,9.164206223029751,26.754485578014997,0.0,100.0,0.0,24.68771292300704,18.80535998183057,66.05723370429253,24.80127186009539,44.98069498069498,32.28480581421758,0.4315239609357256,26.60685895980013,50.976606858959805,51.29457188280717,51.408130819895526,0.4883034294799001,0.0227117874176697,32.28480581421758,72.05314558255735,26.60685895980013,66.05723370429253,32.60277083806496,42.96296296296296,45.92592592592592,25.185185185185183,60.74074074074074,42.22222222222222,10.37037037037037,21.48148148148148,1.4814814814814816,0.0,0.3617062440591852,0.0168235462353109
11,12,0.82,0.61,-0.2099999999999999,0.0,1.7,0.0,-0.56,-0.25,-1.5,-1.73,4.94,0.0,-0.12,1.11,0.74,-0.35,1.1,-6.85,0.21,-0.57,-0.7799999999999999,2,4,33,30,75,7,108,69,82,39,99,163,4294,4141,3576,4859,8543,15,19,5,2,63,37,39,67,108,105,11,82,138,145,149,105,10.508333333333333,1.9916666666666667,0.9277777777777776,0.3988888888888889,0.8626666666666666,0.6166666666666667,1.0371980676328505,0.8416666666666667,1.5282051282051283,0.8180134680134681,0.873517382413088,0.6759259259259259,1.042792792792793,1.5282051282051283,0.7544776119402985,0.8825617283950618,0.7301587301587301,1.1166666666666667,0.8416666666666667,0.7774154589371981,0.7696551724137931,0.8024608501118567,0.7301587301587301,70,6,86.73314234735415,73.33185143959003,1,4,3,3.5,57.971014492753625,17.391304347826086,75.36231884057972,17.572916666666668,93.82716049382717,96.27329192546584,96.25,96.85534591194968,21.594223267224404,17.601400198941626,12.662774370498422,11.896955043106612,6.25,36.5,23.730555555555554,0.2472553756313904,0.100917089124536,-0.348172464755927,0.110929608691837,-0.4839490887930215,0.3730194801011849,0.0,0.0,0.0,0.0,0.0,0.0,0.0,-2999.429517162344,270.87864202712154,94.53519653888756,57.33146226396112,-1.0,1.0,57.0,1.3333333333333333,0,1,1,3,0.0149253731343283,0.7014925373134329,0.1194029850746268,0.8208955223880597,14.760622732061336,5.595224160131101,21.50298489991806,8.404541730071404,45.44071169378439,3.031721877560576,26.021303991572047,44.78520426079832,0.2458152873697764,7.386164110968044,19.594990050333607,1.9665222989582116,100.0,0.0,29.907526629989466,27.09820906004916,41.8588317921105,35.502750790120565,66.94369659370246,53.84525342385579,8.626946037691678,48.47243357134496,75.34823832377386,78.37996020133443,83.97518436146552,0.3979866557415427,0.0819384291232588,53.84525342385579,50.2633735221819,48.47243357134496,41.8588317921105,56.876975301416365,42.331288343558285,50.30674846625767,23.92638036809816,60.73619631901841,42.94478527607362,9.202453987730062,11.65644171779141,3.067484662576687,1.2269938650306749,0.244163592479474,0.0502689749222446
12,13,-0.09,0.12,0.21,-0.71,2.0,3.57,-0.48,0.03,-1.77,-2.08,0.56,2.92,0.05,1.11,0.39,1.74,1.87,-3.62,-1.6,-1.31,0.29,7,5,18,15,36,8,112,45,44,30,60,101,5706,1517,4871,2352,7335,5,23,8,0,33,23,30,38,54,51,13,44,69,77,82,51,5.545238095238095,2.056666666666666,1.7824074074074074,0.9277777777777776,0.6189814814814815,0.375,2.1133333333333333,0.5746212121212121,2.706111111111112,0.6533333333333334,1.2103960396039604,1.393939393939394,1.8420289855072465,2.706111111111112,1.481140350877193,1.00679012345679,0.7098039215686274,1.0217948717948715,0.5746212121212121,0.9896135265700484,0.9257575757575758,0.9947154471544716,0.7098039215686274,54,2,94.5823629868024,36.97030786181122,1,4,5,4.5,26.666666666666668,22.22222222222222,48.888888888888886,15.047916666666667,88.0,89.8989898989899,92.85714285714286,92.78350515463916,34.67876248613665,28.38300681761726,22.13487061313388,18.73767307070833,0.25,6.983333333333333,61.125,0.2798206668207014,0.1238897981935668,-0.4037104650142681,0.2174472176171305,-0.1590605779340353,-0.0583866396830954,0.0,0.0,0.0,0.3747552451348154,0.3904472181104993,-0.7652024632453147,-1.4121770176252496e-14,-4463.837776436998,106.36272234047556,-39.46539775355991,56.72584982564087,1.2857142857142858,1.0,57.0,1.4,7,2,2,5,0.1162790697674418,0.5116279069767442,0.0465116279069767,0.5581395348837209,31.751874573960464,8.411724608043626,26.244035446489438,11.38377641445126,18.227675528289023,2.4539877300613497,62.33128834355828,37.66871165644172,0.0,0.0,0.0,0.0,99.78186775732787,0.21813224267212,37.627811860940696,34.65576005453306,66.40763462849353,46.03953646898432,44.47171097477846,29.611451942740285,10.865712338104975,20.681663258350376,55.85548738922972,58.309475119291065,66.7211997273347,0.3817314246762099,0.10906612133606,29.611451942740285,77.79141104294479,20.681663258350376,66.40763462849353,32.06543967280164,44.55445544554456,43.56435643564357,29.7029702970297,59.4059405940594,53.46534653465347,4.950495049504951,22.77227722772277,7.920792079207921,0.0,0.3779519056200098,0.1079862587485742
13,14,4.66,3.64,-1.02,-1.38,1.7,1.09,-1.59,-1.16,-1.5,-5.62,3.38,2.68,1.1,1.56,0.83,-3.96,2.61,-6.85,4.14,2.69,-1.4499999999999995,6,0,5,4,21,3,157,15,24,11,19,61,2661,2683,2558,2786,5501,1,7,1,2,9,5,11,9,26,25,3,24,30,33,33,25,6.641666666666667,0.0,0.5566666666666666,0.4291666666666666,2.0293650793650797,0.7,2.9566666666666666,1.8631944444444448,3.875757575757576,2.443859649122807,1.5030054644808744,0.5,0.5566666666666666,3.875757575757576,0.5,1.7461538461538462,1.7733333333333334,0.7,1.8631944444444448,1.5705555555555557,1.4914141414141413,1.4914141414141413,1.7733333333333334,28,6,61.2215116582406,88.84660757363939,1,3,2,2.5,80.0,13.333333333333334,93.33333333333331,11.133333333333333,75.0,88.13559322033898,91.3793103448276,94.73684210526316,61.93376217034875,41.04855256729487,30.874366737140317,19.78019477795444,2.941666666666667,1.9666666666666663,15.280555555555557,-0.6938914737956559,0.052826104336783,0.641065369458872,0.7590528277150056,-0.6636605963134199,-0.095392231401585,0.0,0.0,0.0,0.0,0.0,0.0,-24.27653477205497,-2204.322562858642,5017.398267452864,782.5941796575565,-118.29951085996274,1.0,1.5,69.5,-1.0,1,2,2,0,0.0,0.3636363636363636,0.0909090909090909,0.4545454545454546,43.46482457734957,0.0,3.0358116706053444,1.8723868387565896,46.482457734957286,2.290492637702236,26.14070169060171,28.031267042355932,11.288856571532447,0.8362115978912924,15.14270132703145,18.560261770587168,95.30994364660972,4.690056353390293,4.908198509361935,3.0358116706053444,46.50063624795492,4.908198509361935,49.51826940556263,48.35484457371387,2.290492637702236,48.77295037265952,51.39065624431921,53.681148882021446,53.681148882021446,0.1454281039810943,0.0545355389929103,48.35484457371387,48.37302308671151,48.77295037265952,46.50063624795492,50.645337211416106,24.59016393442623,39.34426229508197,18.0327868852459,31.14754098360656,45.90163934426229,1.639344262295082,11.475409836065571,1.639344262295082,3.278688524590164,0.2384067278378596,0.0894025229391973
14,15,0.33,0.96,0.6299999999999999,0.0,1.0,0.0,-0.48,-1.42,-1.25,-5.62,-0.52,0.0,-0.51,-1.14,0.03,0.05,-1.1,-1.21,-0.43,0.31,0.74,0,1,32,28,52,2,476,61,54,33,89,129,7637,8998,6403,10232,17111,13,22,24,8,60,33,33,61,84,80,3,54,112,114,115,80,0.0,1.55,3.286458333333333,0.7345238095238095,2.875320512820513,0.225,2.086612021857924,2.7771604938271603,3.233838383838384,1.9161048689138576,2.210723514211886,2.0955555555555554,3.233838383838384,3.233838383838384,2.086612021857924,3.031944444444444,2.1260416666666666,0.6666666666666666,2.7771604938271603,2.4575892857142856,2.418421052631579,2.410869565217391,2.1260416666666666,67,2,57.73800457597198,37.59769516284116,0,1,2,1.5,47.540983606557376,16.39344262295082,63.93442622950819,92.41666666666669,90.625,92.91338582677166,93.65079365079364,94.4,33.31859557140895,30.42720812601562,27.56562145228593,26.274510263844142,0.0,0.0,142.59166666666667,0.0,0.0041522640865159,-0.004152264086516,0.0,0.0008935560336126,-0.0008935560336128,0.0,0.0,0.0,0.0406617128523409,0.0810308819697237,-0.1216925948220648,0.0,0.0,1565.460092169886,10.944230996755232,9.498981595642393,1.375,-1.0,-1.0,2.0,24,0,0,1,0.2622950819672131,0.2131147540983606,0.0327868852459016,0.2459016393442623,0.0,0.5435100227923557,36.876862836771664,7.21173514113728,52.4282625211852,0.1577932324235871,59.83870025130034,40.16129974869967,0.0,0.0,0.0,0.0,100.0,0.0,44.08859797790895,37.42037285956402,37.42037285956402,44.6321080007013,89.30512535795687,59.639997662322486,0.7013032552159429,52.58605575360878,96.51686049909416,96.67465373151774,97.2181637543101,0.2045467827713167,0.1870142013909181,59.639997662322486,44.6321080007013,52.58605575360878,37.42037285956402,59.79779089474607,47.28682170542636,41.86046511627907,25.58139534883721,68.9922480620155,51.93798449612403,10.07751937984496,17.05426356589147,18.6046511627907,6.2015503875969,0.1585633974971447,0.1449722491402466
15,16,-0.56,-0.03,0.53,-1.64,2.5,0.52,0.66,-0.81,-0.79,-2.08,0.33,0.65,1.01,0.68,0.53,2.95,-0.71,2.73,-2.62,-1.77,0.8500000000000001,0,0,28,24,57,0,27,52,57,28,76,115,1904,2374,1336,2942,4305,22,15,2,0,52,28,28,52,85,81,0,57,109,109,109,81,0.0,0.0,0.7952380952380953,0.3944444444444445,0.6941520467836256,0.0,0.6102564102564102,0.6941520467836256,0.7952380952380953,0.6451754385964912,0.6239130434782608,0.6102564102564102,0.7952380952380953,0.7952380952380953,0.6102564102564102,0.7274509803921568,0.6053497942386831,0.0,0.6941520467836256,0.6541284403669725,0.6541284403669725,0.6541284403669725,0.6053497942386831,54,3,59.54495761787769,55.53208206755825,0,4,3,3.5,53.84615384615385,28.846153846153843,82.6923076923077,71.3,97.36842105263158,97.34513274336284,97.32142857142856,97.2972972972973,22.298555897000337,17.126196853621003,17.016563321943963,16.90363981144141,0.0,0.0,23.916666666666668,0.0,0.0,-1.1664797026116854e-15,0.0,0.0,3.2036697171606166e-16,0.0,0.0,0.0,0.0,0.0,0.0,0.0,0.0,0.0,-12.050672694958529,-12.050672694958529,-1.0,-1.0,-1.0,-1.0,0,0,0,0,0.0204081632653061,0.6326530612244898,0.1224489795918367,0.7551020408163266,0.0,0.0,31.033681765389083,13.193960511033682,55.1451800232288,0.0,0.0,0.0,32.311265969802555,15.632984901277585,52.05574912891986,0.0,100.0,0.0,44.22764227642276,31.033681765389083,31.033681765389083,44.22764227642276,86.1788617886179,68.33914053426248,0.0,55.1451800232288,99.37282229965156,99.37282229965156,99.37282229965156,0.859465737514518,0.0464576074332171,68.33914053426248,44.22764227642276,55.1451800232288,31.033681765389083,68.33914053426248,45.21739130434783,49.56521739130435,24.347826086956523,66.08695652173913,46.95652173913044,19.130434782608692,13.043478260869565,1.7391304347826086,0.0,0.7473615108821896,0.0403979195071453
16,17,-0.33,0.96,1.29,-1.93,2.4,-0.05,-1.59,0.21,-0.79,-0.15,0.56,-1.99,-1.38,-0.44,-0.23,-1.24,-1.47,4.69,-2.62,0.58,3.2,12,0,57,50,139,3,360,119,142,69,169,289,5330,4898,4392,5836,10588,50,88,1,1,107,57,69,107,196,189,3,142,246,249,249,189,3.323611111111111,0.0,0.5845029239766082,0.3126666666666667,0.5821342925659472,0.2388888888888889,0.7464985994397758,0.5748826291079812,1.0608695652173912,0.5755424063116371,0.6106113033448674,0.4574766355140187,0.5845029239766082,1.0608695652173912,0.4574766355140187,0.5828231292517007,0.5108465608465609,0.2388888888888889,0.5748826291079812,0.5279132791327913,0.5244310575635877,0.5244310575635877,0.5108465608465609,153,6,77.9597125886774,76.98456597278094,1,4,3,3.5,67.22689075630252,10.084033613445378,77.31092436974791,14.205555555555556,93.05555555555556,94.0766550522648,94.4055944055944,96.140350877193,24.477766328163025,20.55547655863364,17.303691879706218,16.938765409837778,39.53333333333333,0.3333333333333333,29.41111111111111,0.1942141952694639,-0.068496427360385,-0.1257177679090771,0.1705396757956148,-0.0511003592167818,-0.1194393165788324,0.0,0.0,0.0,0.0,0.0,0.0,-0.2914682699875349,-1437.8165100062165,-3756.915339480304,41.06311320849733,35.680176787954174,-1.0,1.75,80.25,-1.0,0,4,4,0,0.0363636363636363,0.7363636363636363,0.0727272727272727,0.8090909090909091,22.60105780128448,0.0,18.87986399697771,8.859085757461276,45.853796751038914,0.4061201360030223,32.90517567057046,34.87910842463166,8.87797506611258,20.65545901020023,0.2550056667925954,2.427276161692482,91.09369097091049,8.906309029089535,27.738949754438984,18.87986399697771,41.48092179826218,27.738949754438984,64.73366074801662,54.71288250850019,0.4061201360030223,46.25991688704193,73.5927465054779,73.99886664148092,73.99886664148092,1.303362296939932,0.0188893086513033,54.71288250850019,50.34000755572347,46.25991688704193,41.48092179826218,55.11900264450321,41.17647058823529,49.13494809688581,23.87543252595156,58.47750865051903,52.94117647058824,17.301038062283737,30.44982698961938,0.3460207612456747,0.3460207612456747,0.4509904141660663,0.0065360929589284
17,18,5.99,0.0,0.0,-2.8,1.0,1.65,2.68,-2.1,-2.44,-5.62,1.72,0.59,0.0,0.0,0.0,0.0,0.0,0.0,5.49,0.0,0.0,9,0,10,8,24,3,45,27,27,19,35,63,2976,2030,2797,2209,5051,6,6,1,1,18,10,19,18,34,32,3,27,42,45,45,32,4.159259259259259,0.0,0.9183333333333332,0.3729166666666667,1.3611111111111112,0.3888888888888889,1.8370370370370368,1.2530864197530864,2.4535087719298247,1.051904761904762,1.3362433862433862,0.6759259259259259,0.9183333333333332,2.4535087719298247,0.6759259259259259,1.2308823529411763,1.1140625,0.3888888888888889,1.2530864197530864,1.0674603174603174,1.0222222222222224,1.0222222222222224,1.1140625,17,4,71.35580448224066,65.85557401209864,1,3,1,2.0,33.33333333333333,29.629629629629623,62.96296296296296,8.343333333333334,85.48387096774194,86.88524590163934,88.33333333333333,91.52542372881356,34.83975731751182,24.03553062654141,18.71710879375347,18.08336834470752,14.827777777777778,0.0,21.04583333333333,0.6573935190280495,0.022817798582933,-0.6802113176109843,1.250551309549132,0.1111754384999397,-1.3617267480490702,0.0,0.0,0.0,0.0,0.0,0.0,-4.740525733492017,-148.41907702180757,-3936.271590232279,275.9163300354492,213.559113270596,-1.0,1.6666666666666667,69.0,-1.0,0,3,3,0,0.0,0.25,0.0,0.25,44.46644228865571,0.0,10.908730944367452,3.5438527024351614,38.80419718867551,1.3858641853098397,28.291427440110866,28.98435953276579,40.03167689566423,2.692536131459117,0.0,0.0,100.0,0.0,14.452583646802614,10.908730944367452,55.37517323302317,14.452583646802614,49.71292813304296,42.34804989111068,1.3858641853098397,40.190061373985344,53.256780835478125,54.64264502078796,54.64264502078796,0.2375767174816868,0.0395961195802811,42.34804989111068,58.91902593545832,40.190061373985344,55.37517323302317,43.73391407642051,42.85714285714285,42.85714285714285,30.15873015873016,55.55555555555556,26.984126984126984,9.523809523809524,9.523809523809524,1.5873015873015872,1.5873015873015872,0.3771059007645822,0.0628509834607637
18,19,0.48,1.07,0.5900000000000001,3.62,2.6,-0.05,-1.27,0.03,1.04,2.03,1.72,0.92,0.13,2.5,0.49,-0.78,-0.68,4.69,-0.1,0.03,0.13,20,0,22,26,46,0,157,68,46,42,94,143,7842,2549,7060,3331,10548,13,9,7,1,48,22,42,48,68,72,0,46,94,94,94,72,4.336666666666667,0.0,1.406060606060606,0.5012820512820513,0.9235507246376812,0.0,1.922058823529412,0.9235507246376812,2.801587301587302,0.5906028368794326,1.2293706293706292,0.9159722222222224,1.406060606060606,2.801587301587302,0.9159722222222224,1.079656862745098,0.7710648148148148,0.0,0.9235507246376812,0.9196808510638298,0.9196808510638298,0.9196808510638298,0.7710648148148148,64,5,74.14930617402499,76.44612856819371,1,3,4,3.5,35.294117647058826,35.294117647058826,70.58823529411765,12.370238095238095,87.32394366197182,91.48936170212764,92.85714285714286,96.40287769784172,51.031440140985865,41.62945589466478,30.34262800937888,25.185356780912045,13.0875,6.658333333333333,35.16,-0.2283012420264411,0.0,0.2283012420264408,0.1371669303361285,0.0,-0.1371669303361285,0.0,0.0,0.0,0.0,0.0,0.0,-10.997863368990094,-29.20690747595677,0.0,-22.805737071566927,-60.158827070597766,2.0,1.1666666666666667,64.33333333333333,-1.0,3,6,6,0,0.0178571428571428,0.5357142857142857,0.0714285714285714,0.6071428571428571,49.33636708380736,0.0,17.595752749336366,7.413727720894957,24.16571861964353,0.0,9.044368600682594,28.85855138414865,0.0,13.187334091770952,43.1740614334471,5.735684489950701,86.86954872961698,13.130451270383013,25.00948047023132,17.595752749336366,66.93211983314372,25.00948047023132,41.76147136897991,31.57944634053849,0.0,24.16571861964353,49.17519908987486,49.17519908987486,49.17519908987486,0.2085703450891164,0.0758437618505877,31.57944634053849,74.34584755403868,24.16571861964353,66.93211983314372,31.57944634053849,47.55244755244755,32.16783216783217,29.37062937062937,65.73426573426573,44.75524475524475,9.090909090909092,6.293706293706294,4.895104895104895,0.6993006993006993,0.1458533881742073,0.0530375956997117
19,20,0.82,1.33,0.5100000000000001,-1.14,1.7,-0.05,1.26,0.03,0.08,-0.61,-1.05,0.92,0.05,0.68,0.2,-1.24,-1.81,1.29,-0.43,0.03,0.4599999999999999,15,5,17,34,72,7,180,71,79,37,105,170,5424,3782,4513,4693,9386,23,24,4,1,51,22,37,56,89,106,12,79,123,130,135,106,3.468888888888889,2.6666666666666665,0.5794117647058824,0.4465686274509803,0.8490740740740741,0.2714285714285714,1.2732394366197184,0.7978902953586499,2.0328828828828827,0.744920634920635,0.9201960784313724,0.4908496732026143,1.0537878787878787,2.0328828828828827,0.6851190476190475,0.7975655430711611,0.7199685534591195,1.2694444444444446,0.7978902953586499,0.7005420054200542,0.6774358974358974,0.7511111111111112,0.7199685534591195,78,6,84.98984613212527,93.05528577964633,1,3,9,6.0,50.70422535211267,12.676056338028168,63.38028169014084,10.22888888888889,90.53254437869822,92.26190476190476,92.81437125748504,96.3855421686747,32.3532919888004,22.50946429658877,17.109008681271728,12.91200607071637,12.463333333333331,5.79,26.07222222222222,0.2219887125347521,0.0178704498918141,-0.2398591624265673,0.6749323328853721,0.0154169220042052,-0.690349254889578,0.0,0.0,0.0,0.0,0.0,0.0,-29.805975545575937,-30.74047330240386,1619.3907119468415,83.45344808606663,53.24476547987885,0.0,1.0,56.4,1.5,1,5,5,4,0.0833333333333333,0.3166666666666666,0.1666666666666666,0.4833333333333333,33.262305561474534,8.523332623055614,6.296611975282336,9.70594502450458,39.07948007670999,1.214574898785425,14.510973790752184,13.200511399957382,7.809503515874707,28.93671425527381,8.395482633709781,27.14681440443213,100.0,0.0,16.002556999786915,14.81994459833795,48.08225015981248,24.52588962284253,45.37609205199233,48.78542510121457,9.73790752184104,40.29405497549542,55.08203707649692,56.29661197528234,64.81994459833795,0.5007457916045174,0.0532708288940975,48.78542510121457,57.78819518431707,40.29405497549542,48.08225015981248,50.0,41.76470588235294,46.47058823529412,21.764705882352946,61.76470588235294,45.88235294117647,13.529411764705882,14.117647058823527,2.3529411764705883,0.5882352941176471,0.2945563480026573,0.0313357817024103
20,21,1.17,0.61,-0.5599999999999999,-1.64,1.3,0.52,1.1,-0.43,0.08,-2.08,0.88,0.99,1.55,0.28,-0.15,-3.02,1.1,-2.23,0.52,-0.57,-1.09,9,66,1,7,16,45,92,83,61,76,90,159,8524,1510,8350,1684,10126,4,28,3,0,8,67,76,74,17,23,111,61,24,69,135,23,4.964814814814815,1.430050505050505,0.1,0.4142857142857143,0.7020833333333333,0.3096296296296296,1.7116465863453816,0.412568306010929,1.8311403508771928,0.3118518518518519,1.061425576519916,0.375,1.4101990049751243,1.8311403508771928,1.3159909909909908,0.6666666666666666,0.6144927536231884,0.9758258258258258,0.412568306010929,0.5930555555555556,0.4082125603864734,0.9077777777777778,0.6144927536231884,67,3,55.30499438150167,61.07567597140721,1,24,3,13.5,28.915662650602407,18.072289156626507,46.98795180722891,9.29074074074074,87.9746835443038,90.44585987261146,92.3076923076923,94.19354838709675,33.8405933872951,29.712472280456925,22.95439587490592,21.3010252412294,35.08888888888889,6.272222222222222,56.25555555555556,0.1790077993765465,-0.257484021390844,0.0784762220142979,0.3057344475213523,0.0983754266019788,-0.4041098741233311,-0.2888925014906232,0.0701845826547615,0.2187079188358619,-0.0618863204187419,-0.0571729573648787,0.1190592777836204,-24.63355365092281,-388.4402681660626,31.63968447665418,-702.1868140045393,30.68669587458868,1.3461538461538465,1.6666666666666667,76.0,0.9692307692307692,26,3,3,65,0.131578947368421,0.2368421052631578,0.1842105263157894,0.4210526315789473,26.47639739285009,55.925340707090655,0.0592534070709065,1.7183488050562907,6.656132727631839,8.255974718546316,29.34031206794391,36.80624135887813,33.85344657317796,0.0,0.0,0.0,100.0,0.0,1.7776022121271975,55.98459411416157,82.46099150701166,57.70294291921786,6.7153861347027455,8.37448153268813,64.18131542563698,14.912107446178156,8.433734939759036,16.68970965830535,72.615050365396,0.3160181710448351,0.0296267035354532,8.37448153268813,84.17934031206794,14.912107446178156,82.46099150701166,16.630456251234445,52.20125786163522,38.36477987421384,47.79874213836478,56.60377358490566,42.138364779874216,2.515723270440252,17.61006289308176,1.8867924528301887,0.0,0.1987535666948648,0.0186331468776435
21,22,0.27,0.0,0.0,-1.38,2.2,2.22,-0.48,-4.7,-2.07,-2.91,3.38,3.47,-1.13,2.02,0.39,-1.76,1.27,-9.73,-1.6,0.0,0.0,4,0,7,32,49,0,142,43,49,11,75,112,1889,3103,1069,3923,5134,17,15,0,1,39,7,11,39,56,81,0,49,88,88,88,81,3.425,0.0,0.5880952380952381,0.4270833333333333,1.0554421768707485,0.0,0.732170542635659,1.0554421768707485,1.61969696969697,0.8717777777777778,0.7639880952380953,0.455982905982906,0.5880952380952381,1.61969696969697,0.455982905982906,0.9970238095238096,0.807201646090535,0.0,1.0554421768707485,0.7897727272727272,0.7897727272727272,0.7897727272727272,0.807201646090535,52,5,64.49622034087685,83.34497404218257,1,15,13,14.0,34.88372093023256,30.23255813953488,65.11627906976744,27.73333333333333,90.09009009009009,92.72727272727272,93.57798165137616,94.44444444444444,41.373499707449,35.41550186202996,29.931942514338843,29.07287612811475,1.9083333333333332,7.033333333333333,17.113333333333333,-0.3689811913693758,0.0,0.3689811913693755,-0.3898308263598053,0.0,0.3898308263598052,0.0,0.0,0.0,0.0,0.0,0.0,0.0,-3733.087432786862,0.0,96.92100813918192,27.605186981265984,-1.0,2.0,75.0,-1.0,0,1,1,0,0.03125,0.53125,0.09375,0.625,16.01090767432801,0.0,4.81106349824698,15.97195169458512,60.44020257109466,0.0,21.990650564861703,14.920140241527074,31.55434359174133,5.668095052590573,25.86677054927932,0.0,96.76665368134007,3.2333463186599145,20.7830151928321,4.81106349824698,20.82197117257499,20.7830151928321,65.25126606934164,76.41215426567977,0.0,60.44020257109466,81.22321776392675,81.22321776392675,81.22321776392675,0.6232956758862486,0.0194779898714452,76.41215426567977,36.79392286716011,60.44020257109466,20.82197117257499,76.41215426567977,38.392857142857146,43.75,9.821428571428571,66.96428571428571,46.42857142857143,15.178571428571429,13.392857142857142,0.0,0.8928571428571428,0.5565139963270077,0.0173910623852189
22,23,0.59,0.0,0.0,3.62,1.9,2.22,1.26,0.21,1.04,1.77,2.41,-0.38,0.0,0.0,0.0,0.0,0.0,0.0,-0.43,0.0,0.0,3,0,30,22,59,0,265,55,59,33,77,120,3266,1762,2496,2532,5293,13,30,4,0,52,30,33,52,89,81,0,59,111,111,111,81,3.65,0.0,1.0216666666666667,0.5833333333333334,0.4977401129943503,0.0,0.9896969696969696,0.4977401129943503,1.2606060606060607,0.548051948051948,0.7351388888888889,0.8362179487179486,1.0216666666666667,1.2606060606060607,0.8362179487179486,0.6743445692883896,0.5209876543209877,0.0,0.4977401129943503,0.6563063063063063,0.6563063063063063,0.6563063063063063,0.5209876543209877,57,2,80.06578488481647,38.48957563277141,1,3,4,3.5,32.72727272727273,29.09090909090909,61.81818181818181,27.933333333333334,96.63865546218489,97.45762711864408,98.29059829059828,98.27586206896552,16.234881731631766,11.631804928114985,7.525854970550166,7.496678837876557,36.85,0.0,44.10833333333333,0.270398963165759,0.0,-0.27039896316576,0.0910574548122101,0.0,-0.0910574548122096,0.0,0.0,0.0,0.0,0.0,0.0,0.0,-3917.8006746678298,0.0,-32.38364637581979,-25.89157902959224,1.0,1.0,67.0,-1.0,1,1,1,0,0.0,0.6037735849056604,0.1698113207547169,0.7735849056603773,12.412620442093331,0.0,34.74400151143019,14.547515586623843,33.289249952767804,0.0,54.1847723408275,45.81522765917249,0.0,0.0,0.0,0.0,100.0,0.0,49.29151709805403,34.74400151143019,47.15662195352352,49.29151709805403,68.033251464198,47.83676553939165,0.0,33.289249952767804,82.58076705082183,82.58076705082183,82.58076705082183,0.8123937275647081,0.075571509540903,47.83676553939165,61.70413754014736,33.289249952767804,47.15662195352352,47.83676553939165,45.83333333333333,49.16666666666666,27.500000000000004,64.16666666666667,47.5,10.833333333333334,25.0,3.333333333333333,0.0,0.6769947729705901,0.0629762579507525
23,24,2.51,3.64,1.1300000000000003,2.73,2.1,2.84,2.19,-0.33,-0.14,-0.38,1.72,-0.38,-1.13,-0.44,0.11,0.44,-0.23,3.77,2.21,2.69,0.48,0,0,5,26,49,0,103,31,49,5,57,98,1161,5191,530,5822,6455,15,10,2,0,31,5,5,31,54,75,0,49,80,80,80,75,0.0,0.0,1.7666666666666666,0.4044871794871795,1.7656462585034014,0.0,0.6241935483870968,1.7656462585034014,1.7666666666666666,1.7023391812865498,1.0977891156462585,0.6241935483870968,1.7666666666666666,1.7666666666666666,0.6241935483870968,1.7657407407407406,1.2937777777777777,0.0,1.7656462585034014,1.3233333333333337,1.3233333333333337,1.3233333333333337,1.2937777777777777,42,6,37.37810534325048,86.48640887388972,0,20,4,12.0,64.51612903225806,12.903225806451612,77.41935483870968,105.86666666666666,88.65979381443299,93.75,93.6842105263158,94.6808510638298,64.35951545110325,52.06588387563252,50.26998562018253,43.798929171834985,0.0,0.0,17.930555555555554,0.0,0.0,-1.6298567019265095e-16,0.0,0.0,1.0185294959016237e-16,0.0,0.0,0.0,0.0,0.0,0.0,0.0,0.0,0.0,27.991416256297263,27.991416256297263,1.0,-1.0,-1.0,-1.0,2,0,0,0,0.0666666666666666,0.3333333333333333,0.2333333333333333,0.5666666666666667,0.0,0.0,8.210689388071263,9.775367931835786,80.41828040278854,0.0,20.666150271107668,1.3787761425251743,22.49419054996127,4.136328427575523,24.30673896204493,27.01781564678544,87.66847405112316,12.33152594887684,17.986057319907047,8.210689388071263,8.210689388071263,17.986057319907047,88.6289697908598,90.19364833462431,0.0,80.41828040278854,98.4043377226956,98.4043377226956,98.4043377226956,0.3872966692486445,0.0309837335398915,90.19364833462431,17.986057319907047,80.41828040278854,8.210689388071263,90.19364833462431,31.63265306122449,50.0,5.1020408163265305,58.16326530612245,42.85714285714285,15.306122448979592,10.20408163265306,2.0408163265306123,0.0,0.39520068290678,0.0316160546325424
24,25,0.82,1.14,0.3199999999999999,0.1,2.2,-1.76,-1.86,-2.1,-0.79,-1.42,2.41,1.46,0.24,-2.46,0.6,0.05,-1.1,11.33,-0.43,0.03,0.4599999999999999,7,14,24,8,22,5,60,53,27,45,61,93,7528,2708,7137,3099,10296,3,4,12,1,32,38,45,46,46,30,19,27,54,59,73,30,4.616666666666666,2.28452380952381,2.277083333333333,0.8145833333333333,1.925,0.5566666666666666,2.367295597484277,1.671604938271605,2.643333333333333,0.8467213114754099,1.8451612903225805,1.9114583333333333,2.2798245614035086,2.643333333333333,2.025,2.108695652173913,1.6288888888888888,1.829824561403509,1.671604938271605,1.9169753086419756,1.8016949152542372,1.8942922374429223,1.6288888888888888,26,5,91.62167339086498,78.83046234481269,1,3,10,6.5,28.30188679245283,18.867924528301888,47.16981132075472,14.216666666666669,83.69565217391305,87.91208791208791,90.0,91.01123595505618,45.93433821706494,34.807226737619544,26.9576900542691,22.554255798687805,38.27777777777778,0.1111111111111111,34.32,0.0755918461637275,-0.1874689442646666,0.1118770981009388,0.1722832196182618,0.4689713736472813,-0.6412545932655439,0.112648085495677,-0.2351818655531221,0.1225337800574454,-0.0114961118543049,-0.2902033264775262,0.3016994383318314,-5.185404967893806,-992.6799425732725,22.788470151216867,4.9756090601270895,25.48383689345157,1.4482758620689655,1.5,71.0,0.6923076923076923,29,2,2,13,0.1041666666666666,0.3541666666666667,0.125,0.4791666666666667,18.832556332556333,18.638306138306135,31.84731934731935,3.7975912975912975,24.679487179487182,1.621989121989122,28.01087801087801,11.4996114996115,0.0,25.475912975912973,32.45920745920746,2.5543900543900544,100.0,0.0,35.644910644910645,50.48562548562549,69.31818181818183,54.28321678321678,56.52680652680653,28.47707847707848,20.260295260295266,26.3014763014763,60.32439782439782,61.946386946386944,80.58469308469309,0.0679875679875679,0.1262626262626262,28.47707847707848,73.11577311577312,26.3014763014763,69.31818181818183,30.099067599067595,56.98924731182796,29.03225806451613,48.38709677419355,65.59139784946237,27.956989247311824,3.225806451612903,4.301075268817205,12.903225806451612,1.0752688172043012,0.0731049118145892,0.1357662647985228
25,26,-0.64,0.0,0.0,-2.8,3.0,3.57,2.68,-2.61,-5.11,-5.62,3.38,3.47,0.0,0.0,0.0,0.0,0.0,0.0,-0.79,0.0,0.0,5,0,29,28,36,0,33,62,36,34,90,102,4223,1246,3441,2028,5502,11,14,8,0,57,29,34,57,65,64,0,36,93,93,93,64,3.37,0.0,1.396551724137931,0.4654761904761904,0.576851851851852,0.0,1.135215053763441,0.576851851851852,1.686764705882353,0.3755555555555556,0.8990196078431372,0.9391812865497076,1.396551724137931,1.686764705882353,0.9391812865497076,0.9425641025641024,0.528125,0.0,0.576851851851852,0.7989247311827957,0.7989247311827957,0.7989247311827957,0.528125,39,2,80.00405594295762,36.30915389643782,1,4,5,4.5,58.06451612903226,24.193548387096776,82.25806451612904,30.383333333333333,98.01980198019804,98.0,97.97979797979798,97.95918367346938,10.920362518436017,6.964776685917995,6.642384647442245,6.155858483257272,42.28333333333333,0.0,45.85,0.3487441935021971,0.0,-0.348744193502199,0.1520561347186479,0.0,-0.1520561347186495,0.0,0.0,0.0,0.0496948638517361,-0.3811534536978846,0.331458589846148,0.0,-3071.672394497032,0.0,-21.459196594898387,-5.184162146341293,1.1428571428571428,0.0,0.0,-1.0,7,1,1,0,0.0338983050847457,0.7288135593220338,0.0677966101694915,0.7966101694915254,18.37513631406761,0.0,44.16575790621592,14.213013449654673,22.646310432569976,0.0,64.48564158487822,35.51435841512177,0.0,0.0,0.0,0.0,100.0,0.0,58.3787713558706,44.16575790621592,62.54089422028354,58.3787713558706,66.8120683387859,36.85932388222465,0.0,22.646310432569976,81.02508178844057,81.02508178844057,81.02508178844057,0.4543802253725917,0.1454016721192293,36.85932388222465,76.7539076699382,22.646310432569976,62.54089422028354,36.85932388222465,60.78431372549019,35.294117647058826,33.33333333333333,88.23529411764706,38.23529411764706,10.784313725490197,13.725490196078432,7.84313725490196,0.0,0.4454708091888154,0.1425506589404209
26,27,0.18,1.14,0.96,-1.64,2.0,-0.05,1.71,0.58,1.33,0.9,0.01,0.75,-0.32,-1.53,0.03,-5.33,0.73,11.33,-1.17,0.03,1.2,16,0,6,19,46,2,111,41,48,22,60,108,4101,3363,3813,3651,7575,12,7,0,1,25,6,22,25,52,65,2,48,71,73,73,65,3.8197916666666663,0.0,0.4055555555555555,0.2526315789473684,1.2141304347826083,0.1,1.6670731707317077,1.1677083333333331,2.888636363636364,1.0141666666666669,1.1689814814814814,0.2893333333333333,0.4055555555555555,2.888636363636364,0.2893333333333333,1.1208333333333331,0.933076923076923,0.1,1.1677083333333331,0.8884976525821596,0.8668949771689498,0.8668949771689498,0.933076923076923,47,5,57.261984113367305,85.45150500016614,1,1,3,2.0,21.951219512195124,21.951219512195124,43.90243902439025,9.569230769230767,87.85046728971963,90.56603773584906,91.42857142857144,95.1923076923077,38.45858212707734,25.369104778844655,19.286079834040954,18.813299873793238,9.616666666666667,0.4208333333333333,25.25,0.4229759136181854,0.0003206573423446,-0.4232965709605303,1.0737082467242187,0.007472664739748,-1.081180911463968,0.0,0.0,0.0,0.0,0.0,0.0,-20.785268016418947,-206.60084363563328,-2709.67741935484,103.71995878632572,57.63021321813898,-1.0,1.4,71.4,-1.0,0,5,5,0,0.0,0.1666666666666666,0.0333333333333333,0.1999999999999999,48.40924092409241,0.0,1.9273927392739276,3.801980198019802,44.23762376237624,0.1584158415841584,27.973597359735976,19.603960396039604,25.663366336633665,6.970297029702971,19.78877887788779,0.0,100.0,0.0,5.729372937293729,1.9273927392739276,50.336633663366335,5.729372937293729,46.165016501650165,48.03960396039604,0.1584158415841584,44.3960396039604,49.96699669966997,50.12541254125412,50.12541254125412,0.2508250825082508,0.0132013201320132,48.03960396039604,54.13861386138614,44.3960396039604,50.336633663366335,48.1980198019802,37.96296296296296,44.44444444444444,20.37037037037037,55.55555555555556,43.51851851851852,11.11111111111111,6.481481481481481,0.0,0.9259259259259258,0.2322454467668989,0.0122234445666788
27,28,4.66,0.0,0.0,0.3,1.0,2.22,3.21,0.58,0.3,0.9,4.76,1.27,0.0,0.0,0.0,0.0,0.0,0.0,4.14,0.0,0.0,9,1,4,5,26,3,99,19,29,14,24,69,3443,1792,3159,2076,5334,2,7,2,1,9,5,14,10,30,31,4,29,35,38,39,31,5.5,0.45,0.675,0.9466666666666668,1.1134615384615385,0.3055555555555555,3.020175438596491,1.0298850574712644,3.7607142857142857,1.4416666666666669,1.288405797101449,0.825925925925926,0.63,3.7607142857142857,0.7883333333333333,1.055,1.086559139784946,0.3416666666666667,1.0298850574712644,1.0395238095238095,0.981578947368421,0.967948717948718,1.086559139784946,25,5,63.27480229124022,83.64959944645433,1,3,6,4.5,31.57894736842105,31.57894736842105,63.1578947368421,8.725,76.47058823529412,85.07462686567165,87.87878787878788,93.84615384615384,58.65925362574238,39.552536727472976,29.54971336309879,25.991765639536187,5.588888888888889,0.9944444444444444,17.779999999999998,0.6280125125055126,-0.0308280014838905,-0.5971845110216222,1.193058340248321,0.0123260796344341,-1.205384419882755,0.0,0.0,0.0,0.0,0.0,0.0,-33.896655837276235,-1246.5776253202296,-1978.231059307508,219.07877469598583,42.8760781674667,1.0,1.3333333333333333,69.0,1.0,1,3,3,1,0.0,0.1538461538461538,0.2307692307692307,0.3846153846153846,55.68053993250843,0.5061867266591676,3.0371203599550056,5.324334458192726,32.564679415073115,1.0311211098612674,30.108736407949007,31.214848143982003,14.473190851143608,16.572928383952007,7.630296212973378,0.0,90.56992875890514,9.430071241094865,8.361454818147731,3.543307086614173,59.22384701912261,8.867641544806899,35.60179977502812,37.88901387326584,1.537307836520435,33.59580052493438,40.92613423322084,41.95725534308212,42.46344206974128,0.1687289088863892,0.0562429696287964,37.88901387326584,64.54818147731534,33.59580052493438,59.22384701912261,38.92013498312711,27.536231884057973,42.028985507246375,20.28985507246377,34.78260869565217,36.231884057971016,2.898550724637681,10.144927536231885,2.898550724637681,1.4492753623188406,0.2445346505599843,0.0815115501866614
28,29,-0.33,0.61,0.94,-2.8,1.4,0.52,0.24,-2.69,-0.14,0.07,1.43,-1.48,2.36,0.28,1.36,-1.24,0.14,4.69,-1.17,-1.31,-0.1400000000000001,13,58,28,13,51,8,686,112,59,99,125,196,9205,9950,9045,10110,19841,15,13,6,15,41,86,99,99,79,64,66,59,92,100,158,64,3.048717948717949,1.189367816091954,1.504761904761905,0.2051282051282051,3.1980392156862743,0.3416666666666667,1.3697916666666667,2.810734463276836,1.5227272727272727,1.348,1.6871598639455785,1.0926829268292684,1.2920542635658914,1.5227272727272727,1.1493265993265993,2.59789029535865,2.590104166666667,1.0866161616161618,2.810734463276836,2.259782608695652,2.106333333333333,1.7697257383966245,2.590104166666667,74,6,77.34408955407346,83.50459103126836,1,22,20,21.0,19.642857142857142,17.857142857142858,37.5,15.202380952380953,87.17948717948718,90.20618556701032,91.70984455958548,93.75,40.23980744099734,33.65647382623581,26.86191574044563,23.286568018637677,35.05,49.48333333333333,55.113888888888894,0.0580367251879691,0.070987093612919,-0.1290238188008887,0.0733163971424509,0.0639085983278925,-0.1372249954703432,-0.2133911775330164,0.0238034820218366,0.1895876955111794,0.0126116945892239,-0.0990466257724694,0.0864349311832455,0.0135094507958911,304.91409540305386,44.31122438649874,201.15130760677823,110.7079164913858,1.5573770491803278,1.5,72.0,0.7758620689655172,61,4,4,58,0.1346153846153846,0.3942307692307692,0.0961538461538461,0.4903846153846153,11.985282999848796,20.860843707474423,12.74129328158863,0.8064109671891537,49.322110780706616,0.8265712413688826,39.43853636409455,23.673201955546595,20.034272466105534,2.131948994506325,7.580263091578046,7.141777128168942,100.0,0.0,13.547704248777784,33.602136989063055,45.58741998891185,34.40854795625221,62.06340406229525,50.128521747895775,21.687414948843305,50.1486820220755,62.8698150294844,63.69638627085329,84.55722997832771,0.1411219192581019,0.1058414394435764,50.128521747895775,46.393830956101,50.1486820220755,45.58741998891185,50.95509298926465,57.14285714285714,30.10204081632653,50.51020408163265,63.775510204081634,37.755102040816325,7.653061224489796,6.63265306122449,3.061224489795918,7.653061224489796,0.0720009792133173,0.0540007344099879
29,30,2.85,5.69,2.8400000000000003,-0.1,2.1,1.09,2.19,0.39,1.67,-0.38,2.41,2.03,1.1,-0.79,0.39,-1.76,0.73,5.74,3.26,4.75,1.4900000000000002,7,22,9,8,15,14,350,46,29,38,54,83,8406,1812,8131,2087,10568,2,17,12,1,17,31,38,39,24,23,36,29,32,46,68,23,5.43095238095238,3.3545454545454545,2.6333333333333333,0.5729166666666666,0.9066666666666666,1.1857142857142855,3.045652173913043,1.0413793103448277,3.566228070175439,0.6441358024691357,2.1220883534136545,1.6637254901960783,3.145161290322581,3.566228070175439,2.6175213675213675,1.5541666666666667,0.7905797101449274,2.511111111111111,1.0413793103448277,1.3088541666666669,1.2713768115942028,1.945343137254902,0.7905797101449274,26,3,77.32609568267696,60.382768896359366,1,5,3,4.0,32.608695652173914,19.565217391304348,52.173913043478265,14.191666666666666,85.36585365853658,87.65432098765432,88.75,89.87341772151899,33.64755763889014,30.342416276652163,24.823366521384667,23.422079054688503,46.02222222222223,0.0166666666666666,58.71111111111111,0.1471051368291411,0.3932260031197291,-0.5403311399488695,0.1297835210780321,0.4867767796741777,-0.6165603007522094,0.0,-0.534368525382743,0.5343685253827434,-0.0131744911575176,0.3290067964107976,-0.3158323052532791,6.144953591806176,-381.8428413313076,68.91327671442173,-101.70665338089422,65.53462444500178,1.608695652173913,2.0,96.0,1.6666666666666667,23,2,2,18,0.075,0.25,0.075,0.325,21.58402725208176,41.9000757002271,13.455715367146102,2.60219530658592,7.721423164269494,9.424678274034822,37.96366389099168,37.09311127933384,24.94322482967449,0.0,0.0,0.0,75.13247539742619,24.867524602573805,16.05791067373202,55.3557910673732,76.93981831945496,57.95798637395912,21.177138531415597,10.323618470855411,51.32475397426192,17.146101438304314,23.77933383800152,33.20401211203634,75.10408781226343,0.1797880393641181,0.1230128690386071,10.323618470855411,79.54201362604087,17.146101438304314,76.93981831945496,19.748296744890236,55.42168674698795,34.93975903614458,45.78313253012048,65.06024096385542,31.32530120481928,2.409638554216868,20.48192771084337,14.457831325301203,1.2048192771084338,0.2166120956194194,0.148208275950129
30,31,1.36,0.96,-0.4000000000000001,0.52,2.4,-1.76,-1.86,-0.92,1.33,-0.38,2.41,1.46,-2.9,-0.1,-0.15,-1.76,-0.68,3.77,0.52,-0.26,-0.78,13,5,31,28,46,6,75,77,52,49,105,145,8167,2873,7334,3706,11115,10,13,13,1,59,36,49,64,77,74,11,52,105,111,116,74,4.711538461538462,1.086666666666667,1.7919354838709678,0.4958333333333333,1.0289855072463767,0.0916666666666666,1.7677489177489178,0.9208333333333332,2.494557823129252,0.5882539682539683,1.2775862068965518,1.1768361581920903,1.6939814814814815,2.494557823129252,1.1697916666666666,1.3361471861471863,0.8272522522522523,0.5439393939393938,0.9208333333333332,1.112063492063492,1.056906906906907,1.0581896551724137,0.8272522522522523,68,2,85.95524787546273,38.39584743033609,1,4,5,4.5,62.33766233766234,19.480519480519483,81.81818181818181,26.285714285714285,91.66666666666666,94.4055944055944,94.3661971830986,95.74468085106383,30.245924380707624,22.128793727074942,19.70330767147768,15.959382343045965,54.708333333333336,7.291666666666667,92.625,0.191303753898377,0.0260706883581716,-0.2173744422565485,0.2082321970092886,0.0168745083048793,-0.2251067053141675,0.0,0.0,0.0,0.083848351431634,0.4702324344693074,-0.5540807859009418,-0.760325275481143,-1027.2549964726484,1253.3477965998663,-2.578157842494083,45.73940461318522,1.4761904761904765,1.6666666666666667,73.66666666666667,0.6,21,3,3,5,0.0434782608695652,0.6956521739130435,0.0434782608695652,0.7391304347826086,33.063427800269906,2.932973459289249,29.98650472334683,7.494376968061179,25.5510571300045,0.2968960863697706,55.08771929824562,44.91228070175438,0.0,0.0,0.0,0.0,83.63472784525416,16.36527215474584,37.48088169140801,32.91947818263608,65.98290598290598,40.41385515069725,55.53756185335133,33.04543409806568,3.229869545659019,25.84795321637427,63.0319388214125,63.32883490778227,66.26180836707152,0.2069275753486279,0.1259559154295996,33.04543409806568,73.47728295096717,25.84795321637427,65.98290598290598,33.34233018443545,53.103448275862064,35.86206896551724,33.793103448275865,72.41379310344827,46.89655172413793,6.896551724137931,8.96551724137931,8.96551724137931,0.6896551724137931,0.1427086726542261,0.0868661485721377
31,32,-0.03,0.0,0.0,-0.3,1.6,-0.05,-0.48,-0.92,0.08,-1.13,1.12,0.42,0.0,0.0,0.0,0.0,0.0,0.0,-0.43,0.0,0.0,7,0,31,37,62,0,242,75,62,38,112,149,6893,1584,5814,2663,8719,10,39,6,0,68,31,38,68,93,99,0,62,130,130,130,99,8.285714285714286,0.0,1.2548387096774194,0.486036036036036,0.4258064516129032,0.0,1.5317777777777777,0.4258064516129032,2.55,0.3962797619047619,0.9752796420581656,0.8365196078431372,1.2548387096774194,2.55,0.8365196078431372,0.7021505376344087,0.4483164983164983,0.0,0.4258064516129032,0.6406410256410257,0.6406410256410257,0.6406410256410257,0.4483164983164983,67,3,80.55168907959802,55.26114103936174,1,4,1,2.5,42.66666666666667,18.666666666666668,61.33333333333334,35.32083333333333,95.27027027027027,96.5986394557823,97.26027397260276,97.93103448275862,23.56807712739884,16.99178465910772,12.308059639927144,11.41496673844464,33.825,0.075,48.43888888888889,0.2854929752732984,0.0,-0.2854929752732997,0.2175507745241701,0.0,-0.2175507745241701,0.0,0.0,0.0,-0.0319059424132456,-0.5995260851019567,0.6314320275152011,2.886908250939237e-14,242.18437160899336,0.0,-42.25446753731488,94.22545156476906,1.588235294117647,2.0,92.0,-1.0,17,2,2,0,0.1212121212121212,0.5,0.0454545454545454,0.5454545454545454,39.91283404060098,0.0,26.769124899644453,12.37527239362312,18.167221011583894,0.0,47.64307833467141,13.43043927055855,38.92648239477004,0.0,0.0,0.0,100.0,0.0,39.14439729326757,26.769124899644453,66.68195894024545,39.14439729326757,44.93634591122835,30.542493405207026,0.0,18.167221011583894,57.31161830485148,57.31161830485148,57.31161830485148,0.5619910540199564,0.0688152311044844,30.542493405207026,79.05723133386856,18.167221011583894,66.68195894024545,30.542493405207026,50.33557046979866,41.61073825503356,25.503355704697988,75.16778523489933,44.966442953020135,6.711409395973154,26.174496644295303,4.026845637583892,0.0,0.3771752040402392,0.0461847188620701
32,33,-1.21,0.3,1.51,0.75,3.2,0.52,-0.56,0.11,-0.79,1.1,-0.82,2.33,0.79,2.5,1.51,-3.02,-0.71,5.74,-3.3,-0.78,2.52,8,10,12,33,61,7,211,63,68,30,96,154,5962,4481,4569,5874,10654,6,19,4,3,45,22,30,55,73,94,17,68,106,113,123,94,5.016666666666667,1.8533333333333333,1.4569444444444446,0.7035353535353536,1.181967213114754,0.369047619047619,1.5772486772486771,1.09828431372549,2.5383333333333336,1.0197916666666669,1.153030303030303,0.9044444444444444,1.6371212121212122,2.5383333333333336,1.0769696969696971,1.227168949771689,1.0140070921985815,1.242156862745098,1.09828431372549,1.0641509433962264,1.021091445427729,1.0887533875338753,1.0140070921985815,70,6,90.64264079431756,91.22300360111286,1,22,4,13.0,34.92063492063492,19.047619047619047,53.96825396825396,14.504166666666666,88.88888888888889,92.76315789473684,93.3774834437086,94.66666666666669,36.60258708018747,29.4232268001611,25.30361853420748,23.110734343499143,16.233333333333334,12.455555555555556,29.594444444444445,0.1448272368829813,-0.0542182519820719,-0.090608984900909,0.2279471582231583,0.0906151331302265,-0.318562291353385,-1.5133030287635036,1.5133030287635023,0.0,0.0,0.0,0.0,3.9331856424546494,122.58494564710612,-50.87862930469882,97.0027747342164,81.60888278826276,0.6666666666666666,0.0,37.5,0.6666666666666666,6,2,2,9,0.1034482758620689,0.4827586206896552,0.0517241379310344,0.5344827586206897,22.60183968462549,10.437394405856956,9.846067204805706,13.074901445466493,40.60446780551905,1.4548526375070396,30.167073399662097,23.005443964708093,10.718978787309933,2.759526938239159,17.899380514360804,15.449596395719915,99.96245541580628,0.03754458419373,22.9209686502722,20.283461610662663,42.88530129528815,33.35836305612915,50.45053501032476,53.679369250985545,11.892247043363994,42.059320443026095,63.52543645579125,64.9802890932983,75.41768349915525,0.2346536512108128,0.0657030223390276,53.679369250985545,55.96020274075465,42.059320443026095,42.88530129528815,55.13422188849258,40.909090909090914,44.15584415584416,19.480519480519483,62.33766233766234,45.45454545454545,3.896103896103896,12.337662337662335,2.5974025974025974,1.948051948051948,0.1523725007862421,0.0426643002201477
33,34,0.99,0.96,-0.03,-1.93,1.8,2.22,5.35,-0.51,0.53,-1.13,4.76,4.71,2.12,2.5,1.25,2.29,2.61,-10.92,-0.43,-0.26,0.1699999999999999,15,8,9,12,23,3,43,44,26,32,56,78,7601,1178,6832,1947,8822,1,15,3,1,21,17,32,29,32,35,11,26,44,47,55,35,6.147777777777778,1.3229166666666667,1.2296296296296296,1.0680555555555555,0.7913043478260869,0.4777777777777778,2.879166666666667,0.7551282051282051,3.558333333333333,0.5794642857142858,1.885042735042735,1.1373015873015873,1.2735294117647058,3.558333333333333,1.1885057471264369,0.9145833333333332,0.8861904761904762,1.0924242424242423,0.7551282051282051,0.956439393939394,0.9258865248226952,0.9836363636363636,0.8861904761904762,29,3,72.32739448383857,51.59678156997363,1,15,8,11.5,34.090909090909086,18.181818181818183,52.27272727272727,29.26333333333333,89.6103896103896,90.78947368421052,92.0,95.94594594594594,30.9031351178603,20.05474748103398,13.493273287225357,13.263312440285793,20.933333333333334,0.1,49.01111111111111,0.495413844510542,-0.6086376359103063,0.1132237913997633,0.4374197921411968,-0.2244387820706748,-0.2129810100705216,-2.926983961577724,2.926983961577721,0.0,0.0,0.0,0.0,11.533647699065323,-434.746045096088,31.99010253208745,-75.65712598353663,236.55958307991312,1.0,1.4,66.2,0.5,3,5,5,8,0.2058823529411764,0.1176470588235294,0.0588235294117647,0.1764705882352941,62.71820448877805,7.197914305146225,7.526637950578101,8.716844253003854,12.37814554522784,0.974835638177284,49.61459986397642,41.71389707549309,0.0,0.0,8.671503060530492,0.0,94.46837451824985,5.53162548175017,16.243482203581955,14.724552255724326,77.44275674450239,23.44139650872818,19.90478349580594,21.09498979823169,8.17274994332351,13.352981183405124,28.621627748809797,29.596463386987075,36.7943776921333,0.1813647698934481,0.045341192473362,21.09498979823169,86.15960099750623,13.352981183405124,77.44275674450239,22.069825436408976,56.41025641025641,33.33333333333333,41.02564102564102,71.7948717948718,37.17948717948718,1.282051282051282,19.230769230769237,3.8461538461538463,1.282051282051282,0.232518935760831,0.0581297339402077
34,35,1.13,0.0,0.0,-1.38,2.0,2.22,1.1,-3.48,0.3,-0.87,2.67,1.34,0.0,0.0,0.0,0.0,0.0,0.0,0.21,0.0,0.0,0,42,6,5,15,8,28,53,23,48,58,83,4577,764,4484,857,5369,4,7,2,0,11,48,48,53,21,20,50,23,26,34,76,20,0.0,1.6654761904761906,0.7972222222222223,0.31,0.63,0.4104166666666666,1.4393081761006288,0.5536231884057972,1.5569444444444445,0.2462643678160919,1.0781124497991967,0.5757575757575758,1.5569444444444445,1.5569444444444445,1.4393081761006288,0.6777777777777777,0.55,1.4646666666666666,0.5536231884057972,0.607051282051282,0.5607843137254902,1.1712719298245615,0.55,20,3,38.91414803756767,56.15215555151417,0,23,19,21.0,43.39622641509434,35.84905660377358,79.24528301886792,14.83611111111111,92.6829268292683,93.82716049382717,93.75,93.67088607594935,26.834782517918622,23.761793430083227,20.259507560207748,19.32562868496433,0.0,0.0,29.82777777777778,0.0,0.87680998997679,-0.8768099899767903,0.0,1.486813072112151,-1.4868130721121495,-0.4758934639158166,0.121664529112992,0.3542289348028242,-0.0362837694854833,-0.0532740951450014,0.0895578646304845,0.0,0.0,90.34466812365794,-24.474032775562137,54.81018748051953,1.5945945945945943,-1.0,-1.0,1.0952380952380951,37,0,0,42,0.1132075471698113,0.3396226415094339,0.0566037735849056,0.3962264150943396,0.0,78.17098156081207,5.345501955671447,1.7321661389457998,10.560625814863103,3.669212143788415,47.27137269510151,37.77239709443099,14.9562302104675,0.0,0.0,0.0,100.0,0.0,7.077668094617247,83.51648351648352,83.51648351648352,85.24864965542932,15.90612777053455,12.292791953808903,81.84019370460048,14.229837958651515,17.638293909480353,21.307506053268767,99.47848761408083,0.204879865896815,0.0372508847085118,12.292791953808903,85.24864965542932,14.229837958651515,83.51648351648352,15.96200409759732,63.85542168674698,27.710843373493976,57.831325301204814,69.87951807228916,24.09638554216868,4.819277108433735,8.433734939759036,2.409638554216868,0.0,0.2468432119238735,0.0448805839861588
35,36,-0.16,0.0,0.0,-0.92,2.5,6.07,2.68,0.77,0.3,0.69,4.76,0.09,0.0,0.0,0.0,0.0,0.0,0.0,-1.6,0.0,0.0,0,0,6,24,42,0,35,30,42,6,54,80,2139,2941,838,4242,5115,6,19,4,1,30,6,6,30,48,66,0,42,72,72,72,66,0.0,0.0,2.327777777777777,0.9034722222222222,1.167063492063492,0.0,1.1883333333333332,1.167063492063492,2.327777777777777,1.3092592592592591,1.065625,1.1883333333333332,2.327777777777777,2.327777777777777,1.1883333333333332,1.312152777777778,1.071212121212121,0.0,1.167063492063492,1.175925925925926,1.175925925925926,1.175925925925926,1.071212121212121,32,4,59.806519799117694,69.33743213433262,0,13,8,10.5,43.333333333333336,26.666666666666668,70.0,84.66666666666667,96.20253164556962,96.15384615384616,96.1038961038961,96.05263157894736,32.72776943645251,26.22973794230825,25.36717075357909,25.105289164547035,0.0,0.0,21.3125,0.0,0.0,-2.295688374159553e-16,0.0,0.0,6.646276286500007e-16,0.0,0.0,0.0,0.0,0.0,0.0,0.0,0.0,0.0,41.68816781086113,41.68816781086113,-1.0,-1.0,-1.0,-1.0,0,0,0,0,0.0,0.6551724137931034,0.0344827586206896,0.689655172413793,0.0,0.0,16.38318670576735,25.434995112414462,57.49755620723362,0.0,48.99315738025416,19.00293255131965,19.824046920821115,12.179863147605085,0.0,0.0,100.0,0.0,41.81818181818181,16.38318670576735,16.38318670576735,41.81818181818181,73.88074291300097,82.9325513196481,0.0,57.49755620723362,99.31573802541544,99.31573802541544,99.31573802541544,0.4887585532746823,0.0977517106549364,82.9325513196481,41.81818181818181,57.49755620723362,16.38318670576735,82.9325513196481,37.5,52.5,7.5,67.5,40.0,7.5,23.75,5.0,1.25,0.6109481915933529,0.1221896383186705
36,37,0.18,1.14,0.96,0.1,1.5,-0.64,-0.17,-0.81,-0.14,-0.38,1.43,-0.14,2.36,1.11,1.1,1.74,0.6,1.29,-1.17,0.58,1.75,3,46,1,3,13,13,62,53,26,50,56,88,6798,1415,6601,1612,8275,0,14,1,2,4,47,50,50,14,16,59,26,17,30,76,16,4.15,2.108695652173913,0.5666666666666667,1.0944444444444446,1.5384615384615383,0.2756410256410256,2.137735849056604,0.907051282051282,2.200333333333333,0.4797619047619047,1.5672348484848484,0.9625,2.075886524822695,2.200333333333333,2.017,1.469047619047619,1.4552083333333334,1.7048022598870056,0.907051282051282,1.402941176470588,0.9144444444444444,1.637280701754386,1.4552083333333334,17,6,52.04903406404454,90.87376704786548,1,31,10,20.5,58.490566037735846,18.867924528301888,77.35849056603773,15.20925925925926,88.50574712643679,90.69767441860463,90.58823529411764,92.85714285714286,30.690561280657047,24.46687153684456,18.921638057779315,18.063534025673903,19.23333333333333,0.0,22.98611111111111,0.0403904221893846,-0.1764704488786717,0.1360800266892863,0.0632927486724307,-0.0721493053970786,0.0088565567246478,-0.6217279239259301,0.2948446705463132,0.3268832533796175,0.0513867791860962,0.0343638151354158,-0.085750594321512,0.0,4626.2387683013285,-33.52836060973706,322.8736304169224,11.513548088318554,1.5,1.0,57.0,0.8888888888888888,40,1,1,45,0.1372549019607843,0.3725490196078431,0.0980392156862745,0.4705882352941176,9.027190332326285,70.33232628398791,0.4108761329305136,2.3806646525679755,14.501510574018129,2.598187311178248,34.35649546827795,11.722054380664652,25.19637462235649,8.229607250755286,13.401812688821751,7.093655589123866,100.0,0.0,2.7915407854984897,70.74320241691842,79.7703927492447,73.12386706948641,14.912386706948642,16.882175226586103,72.93051359516616,17.099697885196374,17.293051359516618,19.891238670694865,90.22356495468276,0.1691842900302115,0.0362537764350453,16.882175226586103,82.1510574018127,17.099697885196374,79.7703927492447,19.48036253776435,60.22727272727273,29.545454545454547,56.81818181818182,63.63636363636363,19.318181818181817,0.0,15.909090909090908,1.1363636363636365,2.272727272727273,0.1922548750343312,0.0411974732216424
37,39,0.18,0.96,0.78,-2.3,1.9,2.22,-2.1,-1.72,-1.77,-2.08,4.76,2.45,0.64,-0.1,1.41,-1.24,2.61,-3.62,-1.6,0.31,1.91,9,26,40,32,75,32,110,107,107,75,139,224,6839,4058,6253,4644,11007,35,31,10,1,72,66,75,98,115,107,58,107,147,179,205,107,4.935185185185185,0.4044871794871795,1.2320833333333332,0.3052083333333333,0.4966666666666667,0.9494791666666668,1.0652647975077882,0.6320872274143302,1.3895555555555557,0.5568345323741007,0.8189732142857142,0.820138888888889,0.906060606060606,1.3895555555555557,0.7098639455782313,0.752463768115942,0.4394080996884735,0.7051724137931035,0.6320872274143302,0.6551020408163265,0.7077281191806332,0.6692682926829269,0.4394080996884735,115,2,94.2060267657994,38.68156563257943,1,4,14,9.0,48.598130841121495,13.084112149532707,61.6822429906542,20.17962962962963,95.96412556053812,96.3963963963964,96.83257918552036,97.27272727272728,17.274046572843723,11.776074985493452,10.32889020256321,10.207536955094335,60.24166666666667,9.275,91.725,0.1128611255670926,0.1800027582109711,-0.2928638837780629,0.187018992849902,0.0138041845127689,-0.2008231773626712,-0.6343543415123253,0.4235376802303608,0.2108166612819642,0.0,0.0,0.0,-14.584411282382511,294.1163727651879,4.071738204642084,-21.19936753664584,23.99635006738973,1.0,1.3333333333333333,75.66666666666667,1.0,5,3,3,26,0.04,0.62,0.08,0.7,24.21186517670573,5.732715544653402,26.864722449350413,5.323884800581448,20.30526028890706,16.56218769873717,49.42309439447624,50.57690560552376,0.0,0.0,0.0,0.0,100.0,0.0,32.18860724993186,32.59743799400381,56.80930317070955,37.92132279458527,47.169982738257474,25.62914508948851,22.29490324339057,36.86744798764423,52.49386753883892,69.05605523757609,74.78877078222949,0.5996184246388662,0.0999364041064777,25.62914508948851,62.133187971290994,36.86744798764423,56.80930317070955,42.19133278822568,47.767857142857146,47.767857142857146,33.482142857142854,62.05357142857143,51.33928571428571,15.625,13.839285714285715,4.464285714285714,0.4464285714285714,0.2676867967137795,0.0446144661189632
38,40,-0.45,-0.7,-0.2499999999999999,1.0,2.7,-0.05,-0.94,-0.25,-1.25,0.28,1.43,1.16,1.01,-0.1,-1.25,-3.96,-0.71,9.67,-2.62,-1.31,1.31,12,2,34,13,52,3,791,61,55,48,74,132,7183,2557,6363,3377,10531,5,25,11,2,47,36,48,49,86,65,5,55,99,102,104,65,4.081944444444444,1.5166666666666666,1.58921568627451,1.051282051282051,0.7875,0.5555555555555556,1.962568306010929,0.7748484848484849,2.209375,0.7605855855855856,1.3296717171717172,1.4404255319148935,1.5851851851851853,2.209375,1.4435374149659863,1.104457364341085,0.8402564102564103,0.94,0.7748484848484849,1.0974747474747475,1.0815359477124182,1.0899038461538462,0.8402564102564103,65,5,86.11889678893732,78.98621695622987,1,15,11,13.0,24.59016393442623,18.0327868852459,42.62295081967213,23.19047619047619,90.83969465648856,91.53846153846152,93.7984496124031,96.09375,30.712012587654858,24.690890168794805,19.56795788467989,18.616667562780925,29.09583333333333,0.0,35.10333333333333,0.1578052771651887,0.0333699955662442,-0.1911752727314328,0.2012981557065864,-0.030346647308098,-0.1709515083984878,0.0,0.0,0.0,0.0,0.0,0.0,-4.91143727223071,-189.69001851778967,-592.7746615055562,49.25158787327611,113.29435204441718,0.8,0.75,45.5,0.0,5,4,4,2,0.0754716981132075,0.2452830188679245,0.0566037735849056,0.3018867924528302,27.90808090399772,1.7282309372329312,30.78530054125914,7.786534991928591,23.33111765264457,0.949577438040072,37.95461019846169,25.97094293039597,7.61561105308138,5.78292659766404,0.0,22.67590922039692,100.0,0.0,38.57183553318773,32.51353147849207,60.42161238248978,40.30006647042067,54.11641819390371,31.11765264457316,2.6778083752730035,24.280695090684645,61.90295318583231,62.85253062387237,64.5807615611053,0.2848732314120216,0.1234450669452093,31.11765264457316,68.20814737441839,24.280695090684645,60.42161238248978,32.06723008261324,46.21212121212121,41.66666666666667,36.36363636363637,56.060606060606055,49.24242424242424,3.787878787878788,18.939393939393938,8.333333333333332,1.5151515151515151,0.2158130541000164,0.0935189901100071
39,41,0.18,0.27,0.09,-1.93,2.4,0.52,-0.05,-3.41,0.08,-0.15,3.38,0.92,1.1,1.11,1.1,-1.24,1.87,1.29,-1.17,-0.92,0.2499999999999999,0,12,45,35,59,10,37,92,69,57,127,169,7763,1095,5973,2885,8895,3,53,14,0,80,57,57,92,104,94,22,69,139,149,161,94,0.0,0.8527777777777777,1.9848148148148148,0.8523809523809525,0.2677966101694915,0.245,1.4063405797101451,0.2644927536231884,1.7464912280701754,0.3786089238845144,0.8772189349112426,1.489375,1.7464912280701754,1.7464912280701754,1.4063405797101451,1.0107371794871791,0.4854609929078014,0.5765151515151515,0.2644927536231884,0.970863309352518,0.9221476510067114,0.9169772256728778,0.4854609929078014,74,2,66.93047684878564,38.22322714955724,0,4,6,5.0,52.17391304347826,19.565217391304348,71.73913043478261,49.21111111111111,97.61904761904762,97.60479041916167,97.59036144578312,97.57575757575758,14.31438865501698,11.045974275096992,10.98258297124504,10.91693112132672,0.0,0.0,74.125,0.0,0.1067556196819686,-0.1067556196819679,0.0,0.0534559181036619,-0.0534559181036621,0.1330007116736484,-0.1330007116736486,0.0,-0.0115084967188402,0.1014305516727202,-0.08992205495388,0.0,0.0,216.021062452896,-14.898495096561456,-14.17333030887784,1.53125,-1.0,-1.0,0.75,32,0,0,12,0.0869565217391304,0.6630434782608695,0.0978260869565217,0.7608695652173912,0.0,6.902754356379989,60.24732996065205,20.123664980326023,10.657672849915684,1.6526138279932543,56.42495784148398,43.57504215851602,0.0,0.0,0.0,0.0,100.0,0.0,80.37099494097808,67.15008431703204,67.15008431703204,87.27374929735807,70.90500281056774,30.781337830241707,8.555368184373243,12.310286677908936,91.02866779089376,92.681281618887,99.584035975267,0.629567172568859,0.1573917931422147,30.781337830241707,87.27374929735807,12.310286677908936,67.15008431703204,32.43395165823496,54.4378698224852,40.82840236686391,33.72781065088758,75.14792899408283,43.78698224852072,1.7751479289940828,31.360946745562128,8.284023668639055,0.0,0.3725249541827568,0.0931312385456892
40,42,-0.56,1.07,1.63,-0.5,3.1,-0.64,-0.48,0.58,-0.35,-0.87,-0.52,-1.56,0.24,-1.14,-0.32,-3.96,-0.23,1.29,-1.6,0.03,1.63,10,49,3,2,10,55,74,64,65,62,66,141,7433,2279,7402,2310,9786,5,42,2,1,5,52,62,54,13,12,104,65,15,70,119,12,4.536666666666666,1.566326530612245,0.4166666666666667,0.2583333333333333,0.8733333333333333,0.5318181818181819,1.9356770833333332,0.5843589743589743,1.989784946236559,0.5833333333333334,1.1567375886524822,0.3533333333333333,1.5,1.989784946236559,1.4540123456790124,0.767948717948718,0.7708333333333334,1.0192307692307692,0.5843589743589743,0.7,0.5678571428571428,0.9789915966386554,0.7708333333333334,80,3,52.63684319635844,53.68223823746604,1,21,20,20.5,32.8125,31.25,64.0625,20.23333333333333,91.42857142857144,93.5251798561151,94.20289855072464,96.35036496350364,25.01444841757427,22.975044142853346,18.58095088065077,16.73254189174623,5.05,41.85,54.36666666666667,0.1734199840253225,-0.2300961965353867,0.0566762125100651,0.0374414229085333,-0.1376283712090839,0.1001869483005513,-0.3347797671212604,0.1710576955207593,0.1637220716005008,-0.7795245628027947,0.0399529361434007,0.7395716266593941,17.786019565474554,-1273.3730788183418,-72.75233340476898,1.869266113862284,-14.608013988061405,1.7647058823529411,1.6666666666666667,74.0,0.6875,17,3,3,48,0.1724137931034483,0.1724137931034483,0.1206896551724138,0.2931034482758621,27.81524627018189,47.0570202329859,0.7664009809932557,0.316779072143879,5.354588187206213,17.933782955242183,28.81667688534641,56.57061107704885,14.61271203760474,0.0,0.0,0.0,100.0,0.0,1.0831800531371347,47.82342121397916,75.63866748416105,48.14020028612303,6.120989168199468,5.671367259350093,64.99080318822809,23.2883711424484,6.437768240343347,24.37155119558553,71.42857142857143,0.4802779480891069,0.0306560392397302,5.671367259350093,75.95544655630493,23.2883711424484,75.63866748416105,23.605150214592275,45.39007092198582,46.09929078014184,43.97163120567376,46.80851063829788,56.73758865248227,3.546099290780142,29.78723404255319,1.4184397163120568,0.7092198581560284,0.3406226582192247,0.0217418718012271
41,43,2.51,4.42,1.91,1.63,1.4,3.57,2.19,0.21,-0.79,-4.31,3.38,5.51,0.44,-1.96,0.71,-1.76,-1.1,-1.21,2.21,3.48,1.27,7,11,3,6,30,6,206,27,36,21,33,88,6583,3397,6161,3819,10186,1,14,8,2,9,14,21,20,33,36,17,36,39,45,56,36,5.538095238095238,4.271212121212121,5.644444444444445,1.172222222222222,1.78,0.5361111111111111,4.06358024691358,1.5726851851851853,4.88968253968254,1.928787878787879,1.9291666666666667,2.662962962962963,4.565476190476191,4.88968253968254,3.5475,2.131313131313131,1.6787037037037038,2.9529411764705884,1.5726851851851853,1.983760683760684,1.7907407407407407,2.27797619047619,1.6787037037037038,42,6,88.98224449590992,87.23084897105336,1,3,9,6.0,33.33333333333333,33.33333333333333,66.66666666666666,16.633333333333333,79.3103448275862,82.55813953488372,85.88235294117646,91.66666666666666,59.187425492934544,42.91403391307028,31.446112983624698,23.96792808525154,24.566666666666663,8.783333333333333,28.294444444444444,0.1825035838696673,-0.2019782297513382,0.0194746458816707,0.1714897343371899,-0.034430473057412,-0.1370592612797782,0.0,-0.503461336830751,0.5034613368307506,0.3426991215960421,0.0,-0.3426991215960419,7.438423536691798,116.48773747023158,-224.09796180834743,181.62539400539745,4.4048667517277815,1.1428571428571428,2.0,80.5,1.6363636363636365,7,2,2,11,0.217391304347826,0.0434782608695652,0.0,0.0434782608695652,22.83526408796387,27.67524052621245,9.974474769291184,4.142941291969369,31.454938150402512,1.894757510308266,43.0689181229138,19.055566463773808,12.654623993716866,7.058708030630277,9.454152758688396,8.70803063027685,100.0,0.0,14.117416061260554,37.64971529550363,60.484979383467504,41.792656587473004,41.429412919693696,35.597879442371884,29.569998036520715,33.34969566071078,45.57235421166307,47.467111721971335,75.14235224818378,0.1472609463970155,0.098173964264677,35.597879442371884,64.62792067543688,33.34969566071078,60.484979383467504,37.492636952680144,30.681818181818183,40.909090909090914,23.863636363636363,37.5,47.72727272727273,1.1363636363636365,15.909090909090908,9.090909090909092,2.272727272727273,0.1673419845420631,0.111561323028042
42,44,-0.04,0.44,0.48,0.3,1.5,-0.64,-1.84,-0.07,-0.14,0.28,3.59,-0.9,0.59,1.11,0.23,0.05,0.6,1.29,-0.59,-0.92,-0.33,0,0,22,24,65,0,212,46,65,22,70,126,3538,6894,2174,8258,10644,3,13,10,6,46,22,22,46,87,89,0,65,111,111,111,89,0.0,0.0,1.646969696969697,0.9472222222222224,1.7676923076923077,0.0,1.281884057971015,1.7676923076923077,1.646969696969697,1.9661904761904765,1.407936507936508,1.281884057971015,1.646969696969697,1.646969696969697,1.281884057971015,1.7371647509578545,1.546441947565543,0.0,1.7676923076923077,1.5663663663663665,1.5663663663663665,1.5663663663663665,1.546441947565543,61,5,53.84375005939096,78.74374133660677,0,3,4,3.5,39.130434782608695,34.78260869565217,73.91304347826087,173.86666666666667,92.8,95.16129032258064,95.1219512195122,95.08196721311477,46.9237100920257,40.42535304861363,39.34052082679245,37.74363533504846,0.0,0.0,35.480000000000004,0.0,0.0,1.802835284960455e-16,0.0,0.0,4.2482705209210777e-17,0.0,0.0,0.0,0.0,0.0,0.0,0.0,0.0,0.0,46.99215740206766,46.99215740206766,-1.0,-1.0,-1.0,-1.0,0,0,0,0,0.0652173913043478,0.4347826086956521,0.0869565217391304,0.5217391304347826,0.0,0.0,20.424652386320933,12.814731304021048,64.76888387824127,0.0,30.74032318677189,14.139421270199174,8.145434047350621,7.882375046974821,39.09244644870349,0.0,100.0,0.0,33.23938369034198,20.424652386320933,20.424652386320933,33.23938369034198,85.1935362645622,77.5836151822623,0.0,64.76888387824127,98.00826756858324,98.00826756858324,98.00826756858324,0.1503194287861706,0.1503194287861706,77.5836151822623,33.23938369034198,64.76888387824127,20.424652386320933,77.5836151822623,36.507936507936506,51.5873015873016,17.46031746031746,55.55555555555556,48.41269841269841,2.380952380952381,10.317460317460316,7.936507936507936,4.761904761904762,0.1193011339572782,0.1193011339572782
43,45,0.18,0.44,0.26,-0.3,1.9,1.09,2.06,-0.81,-1.25,-1.73,2.67,1.16,2.36,2.02,0.74,0.44,1.67,-0.16,-0.79,-0.92,-0.13,6,2,49,36,76,5,61,93,81,57,129,187,7492,2464,6567,3389,10017,13,40,16,1,85,51,57,87,125,112,7,81,161,166,168,112,4.852777777777778,0.1583333333333333,1.6329931972789116,0.4282407407407407,0.5265350877192982,0.21,1.342652329749104,0.5069958847736625,1.9201754385964915,0.4378552971576227,0.8927807486631016,1.1227450980392155,1.5751633986928106,1.9201754385964915,1.100574712643678,0.9602666666666668,0.4949404761904762,0.1952380952380952,0.5069958847736625,0.841304347826087,0.8222891566265059,0.8143849206349206,0.4949404761904762,90,3,78.31127016458154,54.84225431518556,1,4,13,8.5,64.51612903225806,13.978494623655912,78.49462365591398,16.593333333333334,93.5483870967742,94.05405405405406,95.1086956521739,96.72131147540983,21.477966252757653,17.701838185032553,14.930638587064916,13.105994049676193,55.36666666666667,0.0833333333333333,55.65,0.1471976445431161,-0.0150763614120879,-0.1321212831310275,0.0916737589251239,-0.0121058049341575,-0.0795679539909651,0.0,0.0,0.0,0.1246126929735682,-0.915761574408504,0.7911488814349354,3.763362846889049,-415.85052564151806,-2112.2863730360577,-6.724931197271284,6.05851720692786,1.3125,1.0,61.0,0.0,16,2,2,2,0.0113636363636363,0.6363636363636364,0.1136363636363636,0.75,17.440351402615555,0.1896775481681142,47.92852151342718,9.234301687131875,23.969252271139062,0.628930817610063,54.86672656483977,29.000698812019564,16.132574623140663,0.0,0.0,0.0,100.0,0.0,57.16282320055905,48.11819906159529,65.55855046421084,57.35250074872717,71.89777378456623,33.20355395827094,0.8186083657781771,24.598183088749124,81.13207547169812,81.76100628930818,81.95068383747629,0.5291005291005291,0.1697114904662074,33.20355395827094,74.79285215134271,24.598183088749124,65.55855046421084,33.832484775881,49.73262032085562,43.31550802139038,30.48128342245989,68.98395721925134,48.1283422459893,6.951871657754011,21.3903743315508,8.55614973262032,0.53475935828877,0.2829414594120476,0.0907548077359398
