,User,TestsActs,ÜbungenActs,KurzaufgabenActs,BeispieleActs,BK_InfoActs,Ü_InfoActs,Übersicht,LearnActs,InfoActs,TotActs,Learn,Info,Tot,ShortLearnActs,ShortInfoActs,LongLearnActs,LongInfoActs,K+BActs,K+ÜActs,K+Ü+TActs,K+B+ÜActs,K+BKIActs,B+BKIActs,Ü+ÜIActs,BKI+ÜIActs,K+B+BKIActs,K+B+BKI+ÜIActs,K+B+BKI+Ü+ÜIActs,readActs,Tests_tpa,Übungen_tpa,Kurzaufgaben_tpa,Beispiele_tpa,BK_Info_tpa,Ü_Info_tpa,Learn_tpa,Info_tpa,Tot_tpa,K+B_tpa,K+Ü_tpa,K+Ü+T_tpa,K+B+Ü_tpa,K+BKI_tpa,B+BKI_tpa,Ü+ÜI_tpa,BKI+ÜI_tpa,K+B+BKI_tpa,K+B+BKI+ÜI_tpa,K+B+BKI+Ü+ÜI_tpa,read_tpa,duplicates,nCat,LearnTypeEntropy,CategoryEntropy,DidTest,f1,f2,f12,f1Amp,f2Amp,f12Amp,fMean,PredChance1,PredChance2,PredChance3,PredChance4,CondEntropy1,CondEntropy2,CondEntropy3,CondEntropy4,BeforeTestTime,AfterTestTime,TimePerCat,TRegr Fit,ÜRegr Fit,BKRegr Fit,CatTRegr Fit,CatÜRegr Fit,CatBKRegr Fit,DiffLowRegr Fit,DiffMedRegr Fit,DiffHighRegr Fit,TSecSpentRegr Fit,ÜSecSpentRegr Fit,BKSecSpentRegr Fit,SecSpentRegr Fit,meandifficulty,ndifficulty,backfrac,foolfrac1,foolfrac2,foolfrac12,TT,TB,UT,UU,UB,KU,KK,KB,BT,BU,BK,BB,TTT,TTB,TBB,UUU,UBB,KKK,KKB,KBK,KBB,BKK,BKB,BBT,BBK,BBB,Tests,Übungen,Kurzaufgaben,Beispiele,BK_Info,Ü_Info,Cat_0,Cat_1,Cat_2,Cat_3,Cat_4,Cat_5,Grund,Erweitert,K+B,K+Ü,K+Ü+T,K+B+Ü,K+BKI,B+BKI,Ü+ÜI,BKI+ÜI,K+B+BKI,K+B+BKI+ÜI,K+B+BKI+Ü+ÜI,ShortActs,LongActs,read,LearnPerc,InfoPerc,LearnActsPerc,InfoActsPerc,duplicatesPerc,ShortLearnActsPerc,ShortInfoActsPerc,LongLearnActsPerc,LongInfoActsPerc,ShortActsPerc,LongActsPerc
0,0,3,2,31,30,77,6,3180,66,83,167,4800,7440,15420,0,0,0,3,61,33,36,63,108,107,8,83,138,144,146,107,60.0,60.0,63.87096774193548,84.0,91.94805194805195,60.0,72.72727272727273,89.63855421686748,92.33532934131736,73.77049180327869,63.63636363636363,63.333333333333336,73.33333333333333,83.88888888888889,89.7196261682243,60.0,89.63855421686748,83.91304347826087,82.91666666666667,82.6027397260274,89.7196261682243,89,3,69.94813573113267,60.915768437975885,1,3,2,2.5,36.36363636363637,27.27272727272727,63.63636363636364,15.692307692307692,86.74698795180723,90.30303030303031,92.07317073170732,92.02453987730061,37.28820597929374,32.24374342705582,26.656132176569976,23.562856687926597,69.5,15.5,85.66666666666667,0.009183494749436433,-0.02764442611385841,0.018460931364422124,0.003100173543449213,0.03398485231532451,-0.03708502585877387,0.0,0.0,0.0,1.0700423984367389e-13,4.5395477006144213e-13,5.473131523521697,6.207102520332093,1.0,2,0.15384615384615385,0.07692307692307693,0.23076923076923078,0.3076923076923077,0.006666666666666667,0.013333333333333334,0.0,0.02666666666666667,0.02666666666666667,0.013333333333333334,0.02,0.17333333333333334,0.013333333333333334,0.013333333333333334,0.19333333333333333,0.5,0.0,0.006711409395973154,0.006711409395973154,0.020134228187919462,0.020134228187919462,0.0,0.020134228187919462,0.06040268456375839,0.10067114093959731,0.020134228187919462,0.15436241610738255,0.006711409395973154,0.12080536912751678,0.3691275167785235,1.1673151750972763,0.7782101167315175,12.840466926070038,16.342412451361866,45.91439688715953,2.3346303501945527,38.52140077821012,28.793774319066145,32.68482490272373,0.0,0.0,0.0,86.38132295719845,13.618677042801556,29.18287937743191,13.618677042801556,14.785992217898833,29.961089494163424,58.754863813229576,62.2568093385214,3.11284046692607,48.249027237354085,75.09727626459144,77.431906614786,78.21011673151752,0.0,0.019455252918287938,62.2568093385214,31.1284046692607,48.249027237354085,39.52095808383233,49.700598802395206,53.293413173652695,0.0,0.0,0.0,1.7964071856287425,0.0,0.011649852046879005
1,1,2,0,16,24,60,1,3600,42,61,117,4080,6540,14220,0,0,1,4,40,16,18,40,76,84,1,61,100,101,101,84,270.0,,105.0,77.5,108.0,60.0,97.14285714285714,107.21311475409836,121.53846153846153,88.5,105.0,123.33333333333333,88.5,107.36842105263158,99.28571428571429,60.0,107.21311475409836,100.2,99.8019801980198,99.8019801980198,99.28571428571429,48,5,67.0402769947718,79.64163485831969,1,5,3,4.0,23.809523809523807,21.428571428571427,45.238095238095234,35.4,91.37931034482759,95.65217391304348,95.6140350877193,95.57522123893806,31.030146513784572,19.773644505259444,14.892491693664727,14.662911931652713,59.0,23.0,47.4,0.04219044196388203,0.004315429658334918,-0.04650587162221713,0.021204622879948044,0.005783258822347429,-0.026987881702295227,0.0,0.0,0.0,4890.410958904109,0.0,74.35488562493393,66.24267081488576,-1.0,0,0.11904761904761904,0.14285714285714285,0.16666666666666666,0.30952380952380953,0.009615384615384616,0.009615384615384616,0.0,0.0,0.009615384615384616,0.009615384615384616,0.019230769230769232,0.125,0.009615384615384616,0.0,0.1346153846153846,0.6730769230769231,0.0,0.009708737864077669,0.009708737864077669,0.0,0.0,0.009708737864077669,0.009708737864077669,0.02912621359223301,0.0970873786407767,0.009708737864077669,0.11650485436893204,0.0,0.10679611650485436,0.5631067961165048,3.79746835443038,0.0,11.814345991561181,13.080168776371309,45.56962025316456,0.42194092827004215,38.39662447257383,21.09704641350211,25.738396624472575,5.9071729957805905,8.860759493670885,0.0,81.0126582278481,18.9873417721519,24.894514767932492,11.814345991561181,15.611814345991561,24.894514767932492,57.383966244725734,58.64978902953587,0.42194092827004215,45.9915611814346,70.46413502109705,70.88607594936708,70.88607594936708,0.0,0.035161744022503515,58.64978902953587,28.691983122362867,45.9915611814346,35.8974358974359,52.13675213675214,41.02564102564102,0.0,0.0,0.8547008547008548,3.418803418803419,0.0,0.030052772668806425
2,2,0,0,0,14,49,1,2640,14,50,88,2760,7800,13200,0,0,1,6,14,0,0,14,49,63,1,50,63,64,64,63,,,,197.14285714285714,157.9591836734694,60.0,197.14285714285714,156.0,150.0,197.14285714285714,,,197.14285714285714,157.9591836734694,166.66666666666666,60.0,156.0,166.66666666666666,165.0,165.0,166.66666666666666,37,6,37.76441208390054,68.5494870591128,0,14,14,14.0,100.0,100.0,200.0,58.666666666666664,79.3103448275862,89.53488372093024,91.76470588235294,94.04761904761905,55.97880320537607,50.09708938430914,47.57951815399513,43.87162822175559,0.0,0.0,36.666666666666664,0.0,0.001988404694926509,-0.0019884046949262355,0.0,0.007175500248109355,-0.007175500248109238,0.0,0.0,0.0,0.0,0.0,-0.3450813517184977,-3.826940344195024,-1.0,0,0.21428571428571427,0.2857142857142857,0.14285714285714285,0.42857142857142855,0.0,0.0,0.0,0.0,0.015151515151515152,0.0,0.0,0.0,0.0,0.015151515151515152,0.0,0.9696969696969697,0.0,0.0,0.0,0.0,0.015384615384615385,0.0,0.0,0.0,0.0,0.0,0.0,0.0,0.0,0.9538461538461539,0.0,0.0,0.0,20.909090909090907,58.63636363636363,0.45454545454545453,7.2727272727272725,7.727272727272727,10.909090909090908,1.8181818181818181,62.272727272727266,10.0,70.9090909090909,29.09090909090909,20.909090909090907,0.0,0.0,20.909090909090907,58.63636363636363,79.54545454545455,0.45454545454545453,59.09090909090909,79.54545454545455,80.0,80.0,0.0,0.05303030303030304,79.54545454545455,20.909090909090907,59.09090909090909,15.909090909090908,56.81818181818182,42.04545454545455,0.0,0.0,1.1363636363636365,6.8181818181818175,0.0,0.06026170798898073
3,3,2,0,12,30,49,0,1080,44,49,105,3600,3780,8460,0,0,0,0,42,12,14,42,61,79,0,49,91,91,91,79,60.0,,65.0,90.0,77.14285714285714,,81.81818181818181,77.14285714285714,80.57142857142857,82.85714285714286,65.0,64.28571428571429,82.85714285714286,74.75409836065573,82.0253164556962,,77.14285714285714,79.78021978021978,79.78021978021978,79.78021978021978,82.0253164556962,45,3,63.068395370493626,60.900513272088816,1,20,1,10.5,45.45454545454545,18.181818181818183,63.63636363636364,24.6,92.3076923076923,94.1747572815534,95.09803921568627,96.03960396039604,32.191460611289116,25.06345727158772,19.04328082069153,18.639215985006597,23.0,15.0,47.0,0.0033229232683866347,0.0,-0.0033229232683865016,0.005693773713821249,0.0,-0.0056937737138215505,0.0,0.0,0.0,7.391764963894922e-13,0.0,50.38938339559294,44.28726662543518,-1.0,0,0.11904761904761904,0.23809523809523808,0.14285714285714285,0.38095238095238093,0.0,0.021739130434782608,0.0,0.0,0.0,0.0,0.03260869565217391,0.09782608695652174,0.021739130434782608,0.0,0.09782608695652174,0.7282608695652174,0.0,0.0,0.01098901098901099,0.0,0.0,0.02197802197802198,0.01098901098901099,0.04395604395604396,0.04395604395604396,0.01098901098901099,0.08791208791208792,0.01098901098901099,0.054945054945054944,0.6703296703296703,1.4184397163120568,0.0,9.219858156028367,31.914893617021278,44.680851063829785,0.0,33.33333333333333,38.297872340425535,28.368794326241137,0.0,0.0,0.0,83.68794326241135,16.312056737588655,41.13475177304964,9.219858156028367,10.638297872340425,41.13475177304964,53.90070921985816,76.59574468085107,0.0,44.680851063829785,85.81560283687944,85.81560283687944,85.81560283687944,0.0,0.0,76.59574468085107,42.5531914893617,44.680851063829785,41.904761904761905,46.666666666666664,42.857142857142854,0.0,0.0,0.0,0.0,0.0,0.0
4,4,11,0,70,18,57,0,4560,99,57,172,10260,7620,22440,0,0,4,3,88,70,81,88,127,75,0,57,145,145,145,75,65.45454545454545,,114.0,86.66666666666667,133.68421052631578,,103.63636363636364,133.68421052631578,130.46511627906978,108.4090909090909,114.0,107.4074074074074,108.4090909090909,122.83464566929133,122.4,,133.68421052631578,118.34482758620689,118.34482758620689,118.34482758620689,122.4,64,6,66.2151792427908,89.76236456304912,1,3,13,8.0,18.181818181818183,13.131313131313133,31.313131313131315,27.09090909090909,88.30409356725146,92.3529411764706,92.89940828402366,94.04761904761905,40.97833642941811,21.115534822122388,19.240462667456512,17.562373490407023,50.0,17.8,62.333333333333336,0.01009877496394589,0.0,-0.010098774963945758,0.006335206557084725,0.0,-0.006335206557085143,0.0,0.0,0.0,-39.39962476547858,0.0,29.985916853273114,20.660672640701875,-1.0,0,0.0967741935483871,0.3763440860215054,0.11827956989247312,0.4946236559139785,0.0379746835443038,0.03164556962025317,0.0,0.0,0.0,0.0,0.2088607594936709,0.20253164556962025,0.0,0.0,0.23417721518987342,0.25316455696202533,0.01910828025477707,0.01910828025477707,0.006369426751592357,0.0,0.0,0.10191082802547771,0.09554140127388536,0.14012738853503184,0.06369426751592357,0.10828025477707007,0.10828025477707007,0.0,0.07643312101910828,0.17834394904458598,3.2085561497326207,0.0,35.56149732620321,6.951871657754011,33.9572192513369,0.0,24.86631016042781,6.149732620320856,10.962566844919785,6.951871657754011,34.75935828877005,16.31016042780749,98.3957219251337,1.6042780748663104,42.513368983957214,35.56149732620321,38.770053475935825,42.513368983957214,69.5187165775401,40.909090909090914,0.0,33.9572192513369,76.47058823529412,76.47058823529412,76.47058823529412,0.0,0.031194295900178255,40.909090909090914,45.72192513368984,33.9572192513369,57.55813953488372,33.13953488372093,37.2093023255814,0.0,0.0,2.3255813953488373,1.744186046511628,0.0,0.018136218546615266
5,5,7,40,12,16,24,23,1740,75,47,135,9660,4740,16140,0,0,7,1,28,52,59,68,36,40,63,47,52,75,115,40,205.71428571428572,136.5,135.0,71.25,117.5,83.47826086956522,128.8,100.85106382978724,119.55555555555556,98.57142857142857,136.15384615384616,144.40677966101694,120.88235294117646,123.33333333333333,99.0,117.14285714285714,100.85106382978724,107.3076923076923,100.0,112.69565217391305,99.0,56,5,83.17927287275401,83.81474948230043,1,15,3,9.0,20.0,16.0,36.0,17.142857142857146,82.83582089552239,87.96992481203007,90.9090909090909,93.89312977099237,45.92231475114013,31.691859023762298,26.30511432500629,19.539131437708278,45.5,10.75,53.8,0.039328944685746464,0.15757165966070355,-0.19690060434644996,0.047274264605547955,0.2797359894323815,-0.32701025403792927,-0.12550425506010157,-0.036639965828712685,0.1621442208888142,-4620.960434913924,58.93733070441408,64.5799511744815,12.788906134739797,0.972972972972973,37,0.22857142857142856,0.14285714285714285,0.07142857142857142,0.21428571428571427,0.024,0.016,0.024,0.488,0.024,0.016,0.04,0.032,0.008,0.016,0.056,0.24,0.008064516129032258,0.016129032258064516,0.016129032258064516,0.45161290322580644,0.008064516129032258,0.024193548387096774,0.0,0.008064516129032258,0.016129032258064516,0.016129032258064516,0.03225806451612903,0.0,0.04838709677419355,0.1935483870967742,8.921933085501859,33.82899628252788,10.037174721189592,7.063197026022305,17.472118959107807,11.895910780669144,30.111524163568777,20.817843866171003,12.639405204460965,28.99628252788104,7.434944237918216,0.0,100.0,0.0,17.100371747211895,43.866171003717476,52.78810408921933,50.92936802973978,27.509293680297397,24.53531598513011,45.72490706319702,29.36802973977695,34.572490706319705,46.468401486988846,80.29739776951673,0.0,0.04956629491945477,24.53531598513011,59.85130111524164,29.36802973977695,55.55555555555556,34.81481481481482,41.48148148148148,0.0,0.0,5.185185185185185,0.7407407407407408,0.0,0.036715774014410944
6,6,2,6,25,22,39,3,1380,55,42,106,4020,2700,8100,0,0,0,0,47,31,33,53,64,61,9,42,86,89,95,61,60.0,70.0,76.8,70.9090909090909,64.61538461538461,60.0,73.0909090909091,64.28571428571429,76.41509433962264,74.04255319148936,75.48387096774194,74.54545454545455,73.58490566037736,69.375,66.88524590163935,66.66666666666667,64.28571428571429,69.76744186046511,69.43820224719101,69.47368421052632,66.88524590163935,41,3,84.02642151701961,50.750654752534686,1,2,4,3.0,36.36363636363637,21.818181818181817,58.18181818181819,14.0,91.42857142857143,96.15384615384616,97.0873786407767,97.05882352941177,29.359137080990216,18.204977083429046,10.317355228963564,10.092306020649994,51.0,10.0,45.0,0.01665628585388562,0.11467369416736573,-0.13132998002125085,0.006621555928664565,0.07405966721143874,-0.0806812231401031,0.0,0.0,0.0,7.391764963894922e-13,115.7024793388428,-2.4599800973105954,-3.096755651850795,1.0,6,0.23636363636363636,0.16363636363636364,0.12727272727272726,0.2909090909090909,0.0,0.0,0.010416666666666666,0.0625,0.020833333333333332,0.010416666666666666,0.07291666666666667,0.17708333333333334,0.010416666666666666,0.0,0.1875,0.4270833333333333,0.0,0.0,0.0,0.05263157894736842,0.021052631578947368,0.021052631578947368,0.05263157894736842,0.07368421052631578,0.10526315789473684,0.05263157894736842,0.12631578947368421,0.010526315789473684,0.11578947368421053,0.29473684210526313,1.4814814814814816,5.185185185185185,23.703703703703706,19.25925925925926,31.11111111111111,2.2222222222222223,52.59259259259259,39.25925925925926,8.148148148148149,0.0,0.0,0.0,100.0,0.0,42.96296296296296,28.888888888888886,30.37037037037037,48.148148148148145,54.81481481481482,50.37037037037037,7.4074074074074066,33.33333333333333,74.07407407407408,76.29629629629629,81.48148148148148,0.0,0.0,50.37037037037037,49.629629629629626,33.33333333333333,51.886792452830186,39.62264150943396,38.67924528301887,0.0,0.0,0.0,0.0,0.0,0.0
7,7,1,27,50,29,55,5,960,107,60,176,12660,7920,21540,0,0,7,3,79,77,78,106,105,84,32,60,134,139,166,84,840.0,126.66666666666667,116.4,88.96551724137932,135.27272727272728,96.0,118.3177570093458,132.0,122.38636363636364,106.32911392405063,120.0,129.23076923076923,111.50943396226415,126.28571428571429,119.28571428571429,121.875,132.0,118.2089552238806,117.41007194244604,118.91566265060241,119.28571428571429,95,3,88.91902224521542,46.66496198993624,1,5,9,7.0,18.69158878504673,16.822429906542055,35.51401869158879,34.3,91.42857142857143,94.25287356321839,95.37572254335261,95.34883720930233,27.020594186079762,17.736115701063234,15.226830865826473,14.50793958791472,93.0,140.0,119.66666666666667,0.020990378679065367,0.0333014224283478,-0.054291801107413266,0.02702751788194541,0.23052067143123295,-0.25754818931317824,0.43905726955521224,-0.43905726955521235,0.0,0.0,143.35659774313487,55.07084305130944,34.157159713040755,0.3684210526315789,19,0.1308411214953271,0.411214953271028,0.06542056074766354,0.4766355140186916,0.0,0.0058823529411764705,0.0058823529411764705,0.16470588235294117,0.011764705882352941,0.01764705882352941,0.17058823529411765,0.10588235294117647,0.0,0.0058823529411764705,0.11764705882352941,0.38823529411764707,0.0,0.0,0.005917159763313609,0.15384615384615385,0.011834319526627219,0.10059171597633136,0.05917159763313609,0.05917159763313609,0.047337278106508875,0.07100591715976332,0.047337278106508875,0.0,0.05917159763313609,0.31952662721893493,3.8997214484679668,15.87743732590529,27.019498607242337,11.977715877437326,34.540389972144844,2.2284122562674096,68.80222841225627,14.484679665738161,16.71309192200557,0.0,0.0,0.0,85.79387186629526,14.206128133704734,38.99721448467967,42.89693593314763,46.796657381615596,54.874651810584965,61.55988857938719,46.51810584958218,18.105849582172702,36.768802228412255,73.53760445682451,75.76601671309191,91.64345403899722,0.0,0.04642525533890436,46.51810584958218,58.77437325905292,36.768802228412255,60.79545454545454,34.090909090909086,53.97727272727273,0.0,0.0,3.977272727272727,1.7045454545454544,0.0,0.02637798598801384
8,8,1,3,27,44,76,5,1440,75,81,169,8280,8220,17940,0,0,6,3,71,30,31,74,103,120,8,81,147,152,155,120,60.0,60.0,164.44444444444446,81.81818181818181,101.05263157894737,108.0,110.4,101.48148148148148,106.15384615384616,113.2394366197183,154.0,150.96774193548387,111.08108108108108,117.66990291262135,94.0,90.0,101.48148148148148,106.93877551020408,106.97368421052632,106.06451612903226,94.0,78,4,74.46344637749141,70.33196149499,1,5,9,7.0,26.666666666666668,24.0,50.66666666666667,68.75,92.85714285714286,94.61077844311377,94.57831325301204,95.15151515151516,23.39028775099796,19.465123800909137,18.00573735791139,16.413639820497608,17.0,45.0,74.75,0.0007743099111469844,0.011626927031268513,-0.012401236942415541,0.0024679129104978187,0.022559386821307467,-0.025027299731804842,0.0,0.0,0.0,0.0,107.30948678071583,31.528571434727315,25.46967102745443,1.3333333333333333,3,0.14864864864864866,0.40540540540540543,0.0945945945945946,0.5,0.012738853503184714,0.006369426751592357,0.006369426751592357,0.044585987261146494,0.0,0.0,0.06369426751592357,0.10828025477707007,0.0,0.006369426751592357,0.10828025477707007,0.643312101910828,0.00641025641025641,0.00641025641025641,0.00641025641025641,0.038461538461538464,0.0,0.02564102564102564,0.038461538461538464,0.057692307692307696,0.05128205128205128,0.038461538461538464,0.07051282051282051,0.0,0.05128205128205128,0.5833333333333334,0.33444816053511706,1.0033444816053512,24.74916387959866,20.066889632107024,42.80936454849498,3.0100334448160537,37.12374581939799,34.11371237458194,21.070234113712374,7.6923076923076925,0.0,0.0,79.93311036789298,20.066889632107024,44.81605351170568,25.75250836120401,26.08695652173913,45.819397993311036,67.55852842809364,62.87625418060201,4.013377926421405,45.819397993311036,87.62541806020067,90.63545150501672,91.63879598662207,0.0,0.05016722408026755,62.87625418060201,46.15384615384615,45.819397993311036,44.37869822485207,47.928994082840234,46.15384615384615,0.0,0.0,3.5502958579881656,1.7751479289940828,0.0,0.029684747976489675
9,9,3,0,35,25,52,1,600,63,53,125,4620,5580,10800,0,0,0,2,60,35,38,60,87,77,1,53,112,113,113,77,60.0,,78.85714285714286,67.2,106.15384615384616,60.0,73.33333333333333,105.28301886792453,86.4,74.0,78.85714285714286,77.36842105263158,74.0,95.17241379310344,93.50649350649351,60.0,105.28301886792453,88.92857142857143,88.67256637168141,88.67256637168141,93.50649350649351,63,2,67.38418220652196,33.82615543713942,1,4,3,3.5,25.396825396825395,19.047619047619047,44.44444444444444,24.285714285714285,92.74193548387096,95.1219512195122,95.08196721311475,95.0413223140496,22.855302815786427,18.592253737021288,15.269981332073376,15.116430680675407,0.0,124.0,90.0,0.012835755771744365,0.0070629030894051835,-0.019898658861149433,-0.279304251827303,0.006886929487617447,0.2724173223396854,0.0,0.0,0.0,1.0700423984367389e-13,0.0,55.67292904097374,52.164086000249895,-1.0,0,0.1746031746031746,0.4444444444444444,0.15873015873015872,0.6031746031746031,0.008695652173913044,0.017391304347826087,0.0,0.0,0.008695652173913044,0.0,0.14782608695652175,0.1565217391304348,0.017391304347826087,0.008695652173913044,0.1565217391304348,0.4782608695652174,0.0,0.008771929824561403,0.008771929824561403,0.0,0.008771929824561403,0.09649122807017543,0.05263157894736842,0.07017543859649122,0.07017543859649122,0.05263157894736842,0.10526315789473684,0.008771929824561403,0.08771929824561403,0.38596491228070173,1.6666666666666667,0.0,25.555555555555554,15.555555555555555,51.11111111111111,0.5555555555555556,70.55555555555556,29.444444444444446,0.0,0.0,0.0,0.0,100.0,0.0,41.11111111111111,25.555555555555554,27.22222222222222,41.11111111111111,76.66666666666667,66.66666666666666,0.5555555555555556,51.66666666666667,92.22222222222223,92.77777777777779,92.77777777777779,0.0,0.018518518518518517,66.66666666666666,42.77777777777778,51.66666666666667,50.4,42.4,50.4,0.0,0.0,0.0,1.6,0.0,0.014814814814814815
10,10,8,17,49,36,58,4,1860,110,62,185,9840,4020,15720,0,0,1,0,85,66,74,102,107,94,21,62,143,147,164,94,187.5,74.11764705882354,94.28571428571429,68.33333333333333,65.17241379310344,60.0,89.45454545454545,64.83870967741936,84.97297297297297,83.29411764705883,89.0909090909091,99.72972972972973,81.76470588235294,78.50467289719626,66.38297872340425,71.42857142857143,64.83870967741936,75.94405594405595,75.51020408163265,75.36585365853658,66.38297872340425,83,4,93.74027435867501,61.584498017951574,1,3,1,2.0,16.363636363636363,15.454545454545453,31.818181818181817,16.5,89.13043478260869,92.89617486338798,93.95604395604396,96.13259668508287,34.73258452398996,23.884368018054225,16.978339478481168,11.750717489715687,68.33333333333333,7.0,65.5,0.04387856306821811,0.032457928120459556,-0.07633649118867758,0.03889792728397311,0.08358865049009725,-0.12248657777407068,-0.16486947276974911,0.16486947276974906,0.0,1786.7256637168136,58.159606957907215,14.212734236641673,16.049931820708977,0.35294117647058826,17,0.24299065420560748,0.22429906542056074,0.16822429906542055,0.3925233644859813,0.029239766081871343,0.011695906432748537,0.011695906432748537,0.0935672514619883,0.017543859649122806,0.005847953216374269,0.13450292397660818,0.14619883040935672,0.005847953216374269,0.023391812865497075,0.15204678362573099,0.3684210526315789,0.023529411764705882,0.0058823529411764705,0.0,0.07647058823529412,0.0058823529411764705,0.08235294117647059,0.047058823529411764,0.047058823529411764,0.08235294117647059,0.052941176470588235,0.1,0.0,0.09411764705882353,0.27647058823529413,9.541984732824428,8.015267175572518,29.389312977099237,15.648854961832063,24.045801526717558,1.5267175572519083,50.76335877862596,32.44274809160305,0.0,12.595419847328243,4.198473282442748,0.0,100.0,0.0,45.038167938931295,37.404580152671755,46.94656488549619,53.05343511450382,53.43511450381679,39.69465648854962,9.541984732824428,25.572519083969464,69.08396946564885,70.61068702290076,78.62595419847328,0.0,0.006361323155216285,39.69465648854962,62.59541984732825,25.572519083969464,59.45945945945946,33.513513513513516,44.86486486486487,0.0,0.0,0.5405405405405406,0.0,0.0,0.0034385530568736672
11,11,12,17,17,47,72,3,4320,93,75,192,7020,5280,16620,0,0,1,1,64,34,46,81,89,119,20,75,136,139,156,119,85.0,77.6470588235294,88.23529411764706,67.65957446808511,64.16666666666667,220.0,75.48387096774194,70.4,86.5625,73.125,82.94117647058823,83.47826086956522,74.07407407407408,68.76404494382022,65.54621848739495,99.0,70.4,68.38235294117646,71.65467625899281,72.3076923076923,65.54621848739495,75,5,91.62334813816965,80.60829540298955,1,1,6,3.5,23.655913978494624,19.35483870967742,43.01075268817205,11.38888888888889,83.7696335078534,89.47368421052632,91.53439153439153,93.08510638297872,44.25918962478287,31.955423011184653,22.356987692149332,19.596622723519015,23.0,38.25,55.4,0.034662255736157825,0.09442050629651337,-0.1290827620326712,0.048672247826762945,0.12307850377227551,-0.1717507515990387,0.1503037038797043,-0.1808318038245682,0.030528099944864065,484.10462776659926,-825.2918287937753,-12.123245811923404,-6.322117415578811,0.8235294117647058,17,0.29069767441860467,0.06976744186046512,0.12790697674418605,0.19767441860465118,0.029940119760479042,0.029940119760479042,0.011976047904191617,0.10179640718562874,0.005988023952095809,0.005988023952095809,0.023952095808383235,0.0658682634730539,0.023952095808383235,0.011976047904191617,0.0718562874251497,0.6047904191616766,0.012048192771084338,0.018072289156626505,0.024096385542168676,0.09036144578313253,0.0,0.018072289156626505,0.0,0.0,0.060240963855421686,0.006024096385542169,0.060240963855421686,0.024096385542168676,0.06626506024096386,0.5180722891566265,6.137184115523466,7.9422382671480145,9.025270758122744,19.133574007220215,27.79783393501805,3.9711191335740073,26.353790613718413,32.49097472924188,26.714801444043324,9.025270758122744,5.415162454873646,0.0,78.33935018050542,21.660649819494584,28.158844765342963,16.967509025270758,23.104693140794225,36.101083032490976,36.8231046931408,46.931407942238266,11.913357400722022,31.768953068592058,55.95667870036101,59.92779783393502,67.87003610108303,0.0,0.012033694344163657,46.931407942238266,42.238267148014444,31.768953068592058,48.4375,39.0625,39.0625,0.0,0.0,0.5208333333333333,0.5208333333333333,0.0,0.006267549137585238
12,12,0,0,8,10,18,0,180,18,18,37,2940,3420,6540,0,0,1,2,18,8,8,18,26,28,0,18,36,36,36,28,,,292.5,60.0,190.0,,163.33333333333334,190.0,176.75675675675674,163.33333333333334,292.5,292.5,163.33333333333334,221.53846153846155,143.57142857142858,,190.0,176.66666666666666,176.66666666666666,176.66666666666666,143.57142857142858,23,1,57.42416537807029,0.0,0,5,2,3.5,27.77777777777778,22.22222222222222,50.0,106.0,97.22222222222221,100.0,100.0,100.0,18.211743911987824,0.0,0.0,0.0,0.0,0.0,109.0,0.0,0.0,8.426501831899167e-16,0.0,0.0,8.426501831899167e-16,0.0,0.0,0.0,0.0,0.0,246.37924661446965,246.37924661446965,-1.0,0,0.2777777777777778,0.3333333333333333,0.1111111111111111,0.4444444444444444,0.0,0.0,0.0,0.0,0.0,0.0,0.11428571428571428,0.11428571428571428,0.0,0.0,0.11428571428571428,0.6571428571428571,0.0,0.0,0.0,0.0,0.0,0.08823529411764706,0.029411764705882353,0.058823529411764705,0.058823529411764705,0.029411764705882353,0.08823529411764706,0.0,0.058823529411764705,0.5882352941176471,0.0,0.0,35.77981651376147,9.174311926605505,52.293577981651374,0.0,100.0,0.0,0.0,0.0,0.0,0.0,100.0,0.0,44.95412844036697,35.77981651376147,35.77981651376147,44.95412844036697,88.07339449541286,61.46788990825688,0.0,52.293577981651374,97.24770642201835,97.24770642201835,97.24770642201835,0.0,0.045871559633027525,61.46788990825688,44.95412844036697,52.293577981651374,48.64864864864865,48.64864864864865,62.16216216216216,0.0,0.0,2.7027027027027026,5.405405405405405,0.0,0.12397718819737169
13,13,0,4,3,3,8,2,180,10,10,23,1260,1440,2880,0,0,1,2,6,7,7,10,11,11,6,10,14,16,20,11,,120.0,200.0,60.0,60.0,480.0,126.0,144.0,125.21739130434783,130.0,154.28571428571428,154.28571428571428,126.0,98.18181818181819,60.0,240.0,144.0,90.0,138.75,135.0,60.0,8,3,71.89438910408315,37.671096954000454,0,3,4,3.5,60.0,40.0,100.0,15.0,77.27272727272727,80.95238095238095,85.0,84.21052631578947,52.7482922313286,41.63433289843022,30.96207247439991,26.360904767159653,0.0,0.0,16.0,0.0,1.3001431573368445,-1.3001431573368467,0.0,1.0963189492143837,-1.0963189492143826,0.0,0.0,0.0,0.0,-798.7857762359065,757.0555032925681,446.1077844311376,1.0,4,0.1,0.2,0.0,0.2,0.0,0.0,0.0,0.2631578947368421,0.05263157894736842,0.05263157894736842,0.05263157894736842,0.05263157894736842,0.0,0.0,0.10526315789473684,0.42105263157894735,0.0,0.0,0.0,0.2222222222222222,0.0,0.0,0.0,0.0,0.05555555555555555,0.05555555555555555,0.05555555555555555,0.0,0.1111111111111111,0.3333333333333333,0.0,16.666666666666664,20.833333333333336,6.25,16.666666666666664,33.33333333333333,75.0,20.833333333333336,0.0,0.0,0.0,4.166666666666666,100.0,0.0,27.083333333333332,37.5,37.5,43.75,37.5,22.916666666666664,50.0,50.0,43.75,77.08333333333334,93.75,0.0,0.10416666666666667,22.916666666666664,43.75,50.0,43.47826086956522,43.47826086956522,34.78260869565217,0.0,0.0,4.3478260869565215,8.695652173913043,0.0,0.4528985507246377
14,14,2,11,8,0,6,7,180,21,13,37,3120,2340,5640,0,0,1,2,8,19,21,19,14,6,18,13,14,21,32,6,60.0,212.72727272727272,82.5,,140.0,214.28571428571428,148.57142857142858,180.0,152.43243243243242,82.5,157.89473684210526,148.57142857142858,157.89473684210526,107.14285714285714,140.0,213.33333333333334,180.0,107.14285714285714,142.85714285714286,166.875,140.0,14,3,54.35639619208727,60.03557383083857,1,9,7,8.0,42.857142857142854,33.33333333333333,76.19047619047618,11.375,80.55555555555556,94.28571428571428,94.11764705882352,93.93939393939394,46.435528733222654,16.565460588521553,13.390464955308179,12.847928479836304,4.0,20.0,31.333333333333332,0.04300479732405033,0.29539154841361587,-0.33839634573766597,0.0,1.8157609004506403,-1.8157609004506414,0.0,-0.638446010662611,0.6384460106626104,7.391764963894922e-13,556.8510242348198,330.27522935779797,147.18282866998854,1.4545454545454546,11,0.09523809523809523,0.0,0.0,0.0,0.0,0.0,0.030303030303030304,0.45454545454545453,0.030303030303030304,0.06060606060606061,0.12121212121212122,0.06060606060606061,0.030303030303030304,0.0,0.09090909090909091,0.06060606060606061,0.0,0.0,0.0,0.40625,0.0,0.09375,0.03125,0.03125,0.03125,0.0,0.03125,0.0,0.03125,0.03125,2.127659574468085,41.48936170212766,11.702127659574469,0.0,14.893617021276595,26.595744680851062,28.723404255319153,27.659574468085108,0.0,0.0,43.61702127659575,0.0,100.0,0.0,11.702127659574469,53.191489361702125,55.319148936170215,53.191489361702125,26.595744680851062,14.893617021276595,68.08510638297872,41.48936170212766,26.595744680851062,53.191489361702125,94.68085106382979,0.0,0.05319148936170213,14.893617021276595,55.319148936170215,41.48936170212766,56.75675675675676,35.13513513513514,37.83783783783784,0.0,0.0,2.7027027027027026,5.405405405405405,0.0,0.14376078205865442
15,15,0,0,18,36,72,1,1440,54,73,143,5100,7920,14460,0,0,1,3,54,18,18,54,90,108,1,73,126,127,127,108,,,106.66666666666667,88.33333333333333,109.16666666666667,60.0,94.44444444444444,108.4931506849315,101.11888111888112,94.44444444444444,106.66666666666667,106.66666666666667,94.44444444444444,108.66666666666667,102.22222222222223,60.0,108.4931506849315,102.85714285714286,102.51968503937007,102.51968503937007,102.22222222222223,79,4,59.401296509584725,55.83159657847373,0,32,15,23.5,59.25925925925925,27.77777777777778,87.03703703703704,72.33333333333333,90.84507042253522,95.0354609929078,95.71428571428572,96.40287769784173,33.92931920064498,28.503182977783926,26.15785908975452,22.617207821287693,0.0,0.0,60.25,0.0,0.0015985896487169988,-0.001598589648716664,0.0,0.001680142831806695,-0.0016801428318067991,0.0,0.0,0.0,0.0,0.0,73.92846992671711,72.45703795193066,-1.0,0,0.25925925925925924,0.2222222222222222,0.05555555555555555,0.2777777777777778,0.0,0.0,0.0,0.0,0.007936507936507936,0.0,0.07936507936507936,0.06349206349206349,0.0,0.007936507936507936,0.06349206349206349,0.7777777777777778,0.0,0.0,0.0,0.0,0.008,0.032,0.048,0.048,0.008,0.048,0.016,0.0,0.016,0.76,0.0,0.0,13.278008298755188,21.991701244813278,54.356846473029044,0.4149377593360996,56.016597510373444,30.29045643153527,12.448132780082988,1.2448132780082988,0.0,0.0,86.30705394190872,13.692946058091287,35.26970954356847,13.278008298755188,13.278008298755188,35.26970954356847,67.63485477178423,76.34854771784232,0.4149377593360996,54.77178423236515,89.62655601659752,90.04149377593362,90.04149377593362,0.0,0.027662517289073305,76.34854771784232,35.26970954356847,54.77178423236515,37.76223776223776,51.048951048951054,55.24475524475524,0.0,0.0,0.6993006993006993,2.097902097902098,0.0,0.019344417684666645
16,16,0,6,16,2,6,1,120,24,7,32,6540,1140,7800,0,0,9,1,18,22,22,24,22,8,7,7,24,25,31,8,,380.0,247.5,150.0,180.0,60.0,272.5,162.85714285714286,243.75,236.66666666666666,283.6363636363636,283.6363636363636,272.5,229.0909090909091,172.5,334.2857142857143,162.85714285714286,222.5,216.0,247.74193548387098,172.5,4,2,68.73026247564569,34.0929858357647,0,16,6,11.0,66.66666666666666,25.0,91.66666666666666,64.0,93.54838709677419,96.66666666666667,96.55172413793103,96.42857142857143,20.37539826125585,7.689721618247214,7.116967421931175,6.398243839286434,0.0,0.0,65.0,0.0,-0.6693780348976325,0.6693780348976326,0.0,-1.4918607800674946e-16,-4.1441007279055823e-16,0.0,0.0,0.0,0.0,1070.51282051282,331.35834481758167,108.8460922781396,0.3333333333333333,6,0.041666666666666664,0.5,0.041666666666666664,0.5416666666666666,0.0,0.0,0.0,0.22580645161290322,0.03225806451612903,0.0,0.3870967741935484,0.0967741935483871,0.0,0.0,0.12903225806451613,0.12903225806451613,0.0,0.0,0.0,0.2,0.03333333333333333,0.26666666666666666,0.1,0.1,0.0,0.13333333333333333,0.0,0.0,0.03333333333333333,0.1,0.0,29.230769230769234,50.76923076923077,3.8461538461538463,13.846153846153847,0.7692307692307693,70.0,0.0,0.0,0.0,30.0,0.0,100.0,0.0,54.61538461538461,80.0,80.0,83.84615384615385,64.61538461538461,17.692307692307693,30.0,14.615384615384617,68.46153846153847,69.23076923076923,98.46153846153847,0.0,0.1282051282051282,17.692307692307693,83.84615384615385,14.615384615384617,75.0,21.875,12.5,0.0,0.0,28.125,3.125,0.0,0.4006410256410256
17,17,0,18,1,0,2,10,120,19,12,33,4380,1380,5880,0,0,3,0,1,19,19,19,3,2,28,12,3,13,31,2,,236.66666666666666,120.0,,60.0,126.0,230.52631578947367,115.0,178.1818181818182,120.0,230.52631578947367,230.52631578947367,230.52631578947367,80.0,60.0,197.14285714285714,115.0,80.0,115.38461538461539,185.80645161290323,60.0,14,2,12.55633023872754,9.517452502761486,0,17,1,9.0,89.47368421052632,10.526315789473683,100.0,13.714285714285715,84.375,90.32258064516128,96.66666666666667,96.55172413793103,32.20823906925735,20.930302184547458,15.441144228543688,15.198610185584267,0.0,0.0,49.0,0.0,0.16319685416379215,-0.16319685416379126,0.0,-0.020516968033171545,0.02051696803317135,0.18920061942948888,-0.2466739482128504,0.05747332878336145,0.0,325.35117327242943,599.9999999999994,290.28920754671117,0.8571428571428571,14,0.21052631578947367,0.05263157894736842,0.10526315789473684,0.15789473684210525,0.0,0.0,0.0,0.8,0.06666666666666667,0.03333333333333333,0.0,0.0,0.0,0.06666666666666667,0.0,0.0,0.0,0.0,0.0,0.7586206896551724,0.0,0.0,0.0,0.0,0.0,0.0,0.0,0.0,0.0,0.0,0.0,72.44897959183673,2.0408163265306123,0.0,2.0408163265306123,21.428571428571427,4.081632653061225,95.91836734693877,0.0,0.0,0.0,0.0,63.26530612244898,36.734693877551024,2.0408163265306123,74.48979591836735,74.48979591836735,74.48979591836735,4.081632653061225,2.0408163265306123,93.87755102040816,23.46938775510204,4.081632653061225,25.510204081632654,97.95918367346938,0.0,0.05102040816326531,2.0408163265306123,74.48979591836735,23.46938775510204,57.57575757575758,36.36363636363637,42.42424242424242,0.0,0.0,9.090909090909092,0.0,0.0,0.15460729746444032
18,18,2,0,24,21,55,2,2940,47,57,122,5520,5760,14220,0,0,2,2,45,24,26,45,79,76,2,57,100,102,102,76,360.0,,127.5,82.85714285714286,102.54545454545455,60.0,117.44680851063829,101.05263157894737,116.55737704918033,106.66666666666667,127.5,145.3846153846154,106.66666666666667,110.12658227848101,97.10526315789474,60.0,101.05263157894737,104.4,103.52941176470588,103.52941176470588,97.10526315789474,67,3,75.35388769993534,55.043470473625845,1,1,4,2.5,27.659574468085108,25.53191489361702,53.191489361702125,23.5,87.60330578512396,90.83333333333333,90.75630252100841,92.37288135593221,38.566623693013405,33.421109332056496,29.203875865574176,26.816301912602114,83.5,11.0,79.0,0.004555931193936191,0.0001947669927322153,-0.004750698186668456,0.0076957726655973255,0.009312687788037313,-0.017008460453635032,0.0,0.0,0.0,5187.96992481203,7.391764963894922e-13,2.8736319962242156,20.428619449915704,-1.0,0,0.1276595744680851,0.1276595744680851,0.0851063829787234,0.21276595744680848,0.0,0.009708737864077669,0.0,0.0,0.009708737864077669,0.009708737864077669,0.05825242718446602,0.1650485436893204,0.019417475728155338,0.009708737864077669,0.1650485436893204,0.5436893203883495,0.0,0.0,0.0,0.0,0.00980392156862745,0.029411764705882353,0.029411764705882353,0.0392156862745098,0.10784313725490197,0.029411764705882353,0.12745098039215685,0.00980392156862745,0.11764705882352941,0.4215686274509804,5.063291139240507,0.0,21.518987341772153,12.236286919831224,39.66244725738397,0.8438818565400843,53.16455696202531,31.645569620253166,15.18987341772152,0.0,0.0,0.0,100.0,0.0,33.755274261603375,21.518987341772153,26.582278481012654,33.755274261603375,61.18143459915611,51.89873417721519,0.8438818565400843,40.50632911392405,73.41772151898735,74.26160337552743,74.26160337552743,0.0,0.02812939521800281,51.89873417721519,38.81856540084388,40.50632911392405,38.52459016393443,46.72131147540984,54.91803278688525,0.0,0.0,1.639344262295082,1.639344262295082,0.0,0.02305688132623181
19,19,2,11,10,4,8,4,360,27,12,44,4080,1200,5640,0,0,2,0,14,21,23,25,18,12,15,12,22,26,37,12,390.0,163.63636363636363,126.0,60.0,90.0,120.0,151.11111111111111,100.0,128.1818181818182,107.14285714285714,145.71428571428572,166.95652173913044,132.0,110.0,80.0,152.0,100.0,100.9090909090909,103.84615384615384,121.62162162162163,80.0,11,3,86.94028755746079,58.142458999540246,1,6,3,4.5,44.44444444444444,22.22222222222222,66.66666666666666,12.571428571428573,81.3953488372093,88.09523809523809,87.8048780487805,87.5,46.23755128616873,29.890639231588818,24.67793306800843,20.219538527817633,31.0,0.5,31.333333333333332,0.17562036121999644,0.47916652747943256,-0.654786888699429,0.11633047979972119,0.5004549881684914,-0.6167854679682122,-0.18127548042077926,0.1812754804207795,0.0,-2942.6751592356695,889.9106673673148,307.91984027212885,301.111873357754,0.2222222222222222,9,0.07407407407407407,0.37037037037037035,0.07407407407407407,0.4444444444444444,0.0,0.0,0.05263157894736842,0.3157894736842105,0.02631578947368421,0.05263157894736842,0.15789473684210525,0.05263157894736842,0.0,0.0,0.10526315789473684,0.21052631578947367,0.0,0.0,0.0,0.24324324324324326,0.02702702702702703,0.10810810810810811,0.02702702702702703,0.02702702702702703,0.02702702702702703,0.05405405405405406,0.02702702702702703,0.0,0.08108108108108109,0.13513513513513514,13.829787234042554,31.914893617021278,22.340425531914892,4.25531914893617,12.76595744680851,8.51063829787234,35.1063829787234,45.744680851063826,0.0,0.0,0.0,19.148936170212767,54.25531914893617,45.744680851063826,26.595744680851062,54.25531914893617,68.08510638297872,58.51063829787234,35.1063829787234,17.02127659574468,40.42553191489361,21.27659574468085,39.361702127659576,47.87234042553192,79.7872340425532,0.0,0.03546099290780142,17.02127659574468,72.3404255319149,21.27659574468085,61.36363636363637,27.27272727272727,25.0,0.0,0.0,4.545454545454546,0.0,0.0,0.08059316569954869
20,20,21,0,46,51,104,3,4260,118,107,259,10560,9120,23940,0,0,1,2,97,46,67,97,150,155,3,107,201,204,204,155,205.71428571428572,,69.1304347826087,60.0,85.96153846153847,60.0,89.49152542372882,85.23364485981308,92.43243243243244,64.3298969072165,69.1304347826087,111.94029850746269,64.3298969072165,80.8,77.41935483870968,60.0,85.23364485981308,75.5223880597015,75.29411764705883,75.29411764705883,77.41935483870968,141,4,81.90181144683267,61.4497284230463,1,7,4,5.5,23.728813559322035,20.33898305084746,44.067796610169495,14.909090909090908,87.20930232558139,92.21789883268482,94.921875,96.07843137254902,36.320063551278054,30.11265113245368,23.051014860961246,18.12602425826691,51.0,57.666666666666664,99.75,-0.00763372598442801,0.0020403228837775557,0.005593403100650491,-0.08209223151512333,0.0048363459386412625,0.07725588557648218,0.0,0.0,0.0,502.21093973766926,1.0700423984367389e-13,-3.81958704972611,10.470462112567462,-1.0,0,0.2564102564102564,0.24786324786324787,0.06837606837606838,0.3162393162393162,0.048672566371681415,0.02654867256637168,0.004424778761061947,0.0,0.008849557522123894,0.0,0.048672566371681415,0.15486725663716813,0.030973451327433628,0.004424778761061947,0.15486725663716813,0.5,0.022222222222222223,0.017777777777777778,0.022222222222222223,0.0,0.008888888888888889,0.013333333333333334,0.035555555555555556,0.07111111111111111,0.07555555555555556,0.035555555555555556,0.11555555555555555,0.022222222222222223,0.08,0.39555555555555555,18.045112781954884,0.0,13.283208020050125,12.781954887218044,37.34335839598997,0.7518796992481203,40.6015037593985,30.82706766917293,28.32080200501253,0.2506265664160401,0.0,0.0,90.72681704260651,9.273182957393484,26.065162907268167,13.283208020050125,31.32832080200501,26.065162907268167,50.6265664160401,50.125313283208015,0.7518796992481203,38.095238095238095,63.40852130325815,64.16040100250626,64.16040100250626,0.0,0.012531328320802004,50.125313283208015,44.11027568922306,38.095238095238095,45.559845559845556,41.312741312741316,54.440154440154444,0.0,0.0,0.3861003861003861,0.7722007722007722,0.0,0.004838350703012357
21,21,1,0,29,13,26,1,1200,43,27,72,3780,2040,7020,0,0,1,0,42,29,30,42,55,39,1,27,68,69,69,39,60.0,,97.24137931034483,69.23076923076923,76.15384615384616,60.0,87.90697674418605,75.55555555555556,97.5,88.57142857142857,97.24137931034483,96.0,88.57142857142857,87.27272727272727,73.84615384615384,60.0,75.55555555555556,83.82352941176471,83.47826086956522,83.47826086956522,73.84615384615384,36,1,68.40098547266119,0.0,1,4,5,4.5,27.906976744186046,23.25581395348837,51.16279069767442,32.333333333333336,97.1830985915493,98.57142857142858,98.55072463768117,98.52941176470588,10.428792588448017,5.191738910283599,5.176324893645512,5.16067001354532,99.0,17.0,117.0,0.0008928156977347784,0.0017772674039548222,-0.0026700831016902766,0.0008928156977347784,0.0017772674039548222,-0.0026700831016902766,0.0,0.0,0.0,0.0,0.0,36.80856156597098,29.44370922251245,-1.0,0,0.11627906976744186,0.4186046511627907,0.09302325581395349,0.5116279069767442,0.0,0.0,0.014492753623188406,0.0,0.0,0.014492753623188406,0.18840579710144928,0.21739130434782608,0.0,0.0,0.2318840579710145,0.3333333333333333,0.0,0.0,0.0,0.0,0.0,0.11764705882352941,0.07352941176470588,0.16176470588235295,0.058823529411764705,0.07352941176470588,0.14705882352941177,0.0,0.07352941176470588,0.2647058823529412,0.8547008547008548,0.0,40.17094017094017,12.82051282051282,28.205128205128204,0.8547008547008548,100.0,0.0,0.0,0.0,0.0,0.0,100.0,0.0,52.991452991452995,40.17094017094017,41.02564102564102,52.991452991452995,68.37606837606837,41.02564102564102,0.8547008547008548,29.059829059829063,81.19658119658119,82.05128205128204,82.05128205128204,0.0,0.014245014245014244,41.02564102564102,53.84615384615385,29.059829059829063,59.72222222222222,37.5,50.0,0.0,0.0,1.3888888888888888,0.0,0.0,0.01978474200696423
22,22,1,0,24,4,11,0,1800,29,11,43,3240,960,6000,0,0,1,0,28,24,25,28,35,15,0,11,39,39,39,15,60.0,,117.5,90.0,87.27272727272727,,111.72413793103448,87.27272727272727,139.53488372093022,113.57142857142857,117.5,115.2,113.57142857142857,108.0,88.0,,87.27272727272727,106.15384615384616,106.15384615384616,106.15384615384616,88.0,16,1,54.434047012039485,0.0,1,23,1,12.0,79.3103448275862,10.344827586206897,89.65517241379311,35.0,95.23809523809523,97.5609756097561,97.5,97.43589743589743,21.10080295100995,12.666244172265284,9.672878631087686,9.612389387954503,72.0,27.0,100.0,0.0026990890658854737,0.0,-0.002699089065886117,0.0026990890658854737,0.0,-0.002699089065886117,0.0,0.0,0.0,0.0,0.0,91.66219426008686,76.6050127650982,-1.0,0,0.06896551724137931,0.41379310344827586,0.10344827586206896,0.5172413793103449,0.0,0.0,0.0,0.0,0.0,0.0,0.41025641025641024,0.1794871794871795,0.0,0.0,0.20512820512820512,0.1794871794871795,0.0,0.0,0.0,0.0,0.0,0.2631578947368421,0.13157894736842105,0.15789473684210525,0.02631578947368421,0.15789473684210525,0.05263157894736842,0.0,0.05263157894736842,0.13157894736842105,1.0,0.0,47.0,6.0,16.0,0.0,100.0,0.0,0.0,0.0,0.0,0.0,100.0,0.0,53.0,47.0,48.0,53.0,63.0,22.0,0.0,16.0,69.0,69.0,69.0,0.0,0.016666666666666666,22.0,54.0,16.0,67.44186046511628,25.581395348837212,37.2093023255814,0.0,0.0,2.3255813953488373,0.0,0.0,0.03875968992248062
23,23,4,0,10,10,18,1,840,24,19,53,3180,1620,5640,0,0,3,0,20,10,14,20,28,28,1,19,38,39,39,28,60.0,,192.0,102.0,86.66666666666667,60.0,132.5,85.26315789473684,106.41509433962264,147.0,192.0,154.28571428571428,147.0,124.28571428571429,92.14285714285714,60.0,85.26315789473684,118.42105263157895,116.92307692307692,116.92307692307692,92.14285714285714,15,3,78.62859046952423,53.43503739299824,1,7,3,5.0,29.166666666666668,25.0,54.16666666666667,16.0,82.6923076923077,92.15686274509804,94.0,93.87755102040816,35.30935062081437,30.36477452581961,24.528073649922504,21.91888833224916,17.0,13.0,31.333333333333332,-0.7673335998314154,0.023407600062105665,0.74392599976931,-1.1813461882319538,0.015481298278763664,1.1658648899531898,0.0,0.0,0.0,-6.412665037390505e-13,0.0,167.6260892527065,138.84279676773167,-1.0,0,0.2608695652173913,0.08695652173913043,0.043478260869565216,0.13043478260869565,0.046511627906976744,0.023255813953488372,0.0,0.0,0.023255813953488372,0.0,0.11627906976744186,0.09302325581395349,0.0,0.023255813953488372,0.11627906976744186,0.5116279069767442,0.023809523809523808,0.023809523809523808,0.023809523809523808,0.0,0.023809523809523808,0.07142857142857142,0.023809523809523808,0.047619047619047616,0.047619047619047616,0.047619047619047616,0.07142857142857142,0.0,0.07142857142857142,0.42857142857142855,4.25531914893617,0.0,34.04255319148936,18.085106382978726,27.659574468085108,1.0638297872340425,56.38297872340425,13.829787234042554,29.78723404255319,0.0,0.0,0.0,87.2340425531915,12.76595744680851,52.12765957446809,34.04255319148936,38.297872340425535,52.12765957446809,61.702127659574465,45.744680851063826,1.0638297872340425,28.723404255319153,79.7872340425532,80.85106382978722,80.85106382978722,0.0,0.05319148936170213,45.744680851063826,56.38297872340425,28.723404255319153,45.28301886792453,35.84905660377358,28.30188679245283,0.0,0.0,5.660377358490567,0.0,0.0,0.10036130068245684
24,24,0,0,40,27,44,2,300,67,46,118,5040,3780,9120,0,0,0,2,67,40,40,67,84,71,2,46,111,113,113,71,,,75.0,75.55555555555556,83.18181818181819,60.0,75.22388059701493,82.17391304347827,77.28813559322033,75.22388059701493,75.0,75.0,75.22388059701493,79.28571428571429,80.28169014084507,60.0,82.17391304347827,78.37837837837837,78.05309734513274,78.05309734513274,80.28169014084507,43,4,70.14177463425973,58.17422624260637,0,4,3,3.5,23.88059701492537,22.388059701492537,46.26865671641791,29.4,94.87179487179486,97.41379310344827,98.26086956521739,98.24561403508771,20.779516112024176,15.451693949543827,12.67823445919537,8.63200353579265,0.0,0.0,38.0,0.0,0.0022156022207040407,-0.0022156022207036356,0.0,0.0011476733434236542,-0.0011476733434239348,0.0,0.0,0.0,0.0,7.391764963894922e-13,49.481745560176925,45.04949031251611,-1.0,0,0.3283582089552239,0.14925373134328357,0.16417910447761194,0.31343283582089554,0.0,0.0,0.0,0.0,0.017699115044247787,0.0,0.168141592920354,0.18584070796460178,0.0,0.017699115044247787,0.18584070796460178,0.4247787610619469,0.0,0.0,0.0,0.0,0.017857142857142856,0.07142857142857142,0.09821428571428571,0.05357142857142857,0.125,0.09821428571428571,0.08928571428571429,0.0,0.13392857142857142,0.2767857142857143,0.0,0.0,32.89473684210527,22.36842105263158,40.131578947368425,1.3157894736842104,47.368421052631575,40.78947368421053,8.552631578947368,0.0,0.0,3.289473684210526,100.0,0.0,55.26315789473685,32.89473684210527,32.89473684210527,55.26315789473685,73.02631578947368,62.5,1.3157894736842104,41.44736842105263,95.39473684210526,96.71052631578947,96.71052631578947,0.0,0.021929824561403508,62.5,55.26315789473685,41.44736842105263,56.779661016949156,38.983050847457626,36.440677966101696,0.0,0.0,0.0,1.694915254237288,0.0,0.018584597085935177
25,25,5,0,15,7,14,2,840,27,16,54,2880,1140,4860,0,0,0,0,22,15,20,22,29,21,2,16,36,38,38,21,180.0,,80.0,111.42857142857143,72.85714285714286,60.0,106.66666666666667,71.25,90.0,90.0,80.0,105.0,90.0,76.55172413793103,85.71428571428571,60.0,71.25,83.33333333333333,82.10526315789474,82.10526315789474,85.71428571428571,21,5,91.14496080972202,72.51514584785038,1,4,1,2.5,29.629629629629626,22.22222222222222,51.85185185185185,7.444444444444445,81.13207547169812,88.46153846153845,94.11764705882352,94.0,54.56025094595708,42.59659728074547,20.360101050321834,16.108215606104086,9.0,6.0,16.2,0.4335613064002793,0.03391681586965199,-0.46747812226993096,0.4434112002189213,0.04468023517841013,-0.48809143539733196,0.0,0.0,0.0,-4243.093922651935,7.391764963894922e-13,-52.06110064867138,-5.035039692415374,-1.0,0,0.16666666666666666,0.2916666666666667,0.08333333333333333,0.375,0.046511627906976744,0.046511627906976744,0.0,0.0,0.046511627906976744,0.023255813953488372,0.11627906976744186,0.18604651162790697,0.046511627906976744,0.0,0.23255813953488372,0.20930232558139536,0.023809523809523808,0.023809523809523808,0.047619047619047616,0.0,0.0,0.047619047619047616,0.047619047619047616,0.11904761904761904,0.07142857142857142,0.07142857142857142,0.14285714285714285,0.047619047619047616,0.07142857142857142,0.09523809523809523,18.51851851851852,0.0,24.691358024691358,16.049382716049383,20.98765432098765,2.4691358024691357,24.691358024691358,0.0,1.2345679012345678,44.44444444444444,20.98765432098765,8.641975308641975,100.0,0.0,40.74074074074074,24.691358024691358,43.20987654320987,40.74074074074074,45.67901234567901,37.03703703703704,2.4691358024691357,23.456790123456788,61.72839506172839,64.19753086419753,64.19753086419753,0.0,0.0,37.03703703703704,59.25925925925925,23.456790123456788,50.0,29.629629629629626,38.88888888888889,0.0,0.0,0.0,0.0,0.0,0.0
26,26,3,0,15,0,16,1,2520,18,17,56,2340,1500,6360,0,0,2,0,15,15,18,15,31,16,1,17,31,32,32,16,120.0,,132.0,,90.0,60.0,130.0,88.23529411764706,113.57142857142857,132.0,132.0,130.0,132.0,110.3225806451613,90.0,60.0,88.23529411764706,110.3225806451613,108.75,108.75,90.0,26,4,61.900414278870194,65.31642665249474,1,15,3,9.0,83.33333333333334,16.666666666666664,100.0,12.8,76.36363636363637,88.88888888888889,90.56603773584906,92.3076923076923,59.81147298267232,47.000625804963065,39.36043567851146,25.561777217045258,17.0,17.0,26.5,0.05593096322690567,0.0272896250342376,-0.08322058826114401,0.11685021095589247,0.04448754563254845,-0.16133775658844027,0.0,0.0,0.0,1516.4835164835174,0.0,-150.74609993217265,-115.74958415099161,-1.0,0,0.0625,0.4375,0.0625,0.5,0.058823529411764705,0.029411764705882353,0.0,0.0,0.0,0.0,0.17647058823529413,0.2647058823529412,0.029411764705882353,0.029411764705882353,0.23529411764705882,0.14705882352941177,0.030303030303030304,0.030303030303030304,0.0,0.0,0.0,0.09090909090909091,0.09090909090909091,0.12121212121212122,0.12121212121212122,0.09090909090909091,0.15151515151515152,0.030303030303030304,0.09090909090909091,0.030303030303030304,5.660377358490567,0.0,31.132075471698112,0.0,22.641509433962266,0.9433962264150944,16.037735849056602,41.509433962264154,37.735849056603776,0.0,0.0,4.716981132075472,49.056603773584904,50.943396226415096,31.132075471698112,31.132075471698112,36.79245283018868,31.132075471698112,53.77358490566038,22.641509433962266,0.9433962264150944,23.58490566037736,53.77358490566038,54.71698113207547,54.71698113207547,0.0,0.031446540880503145,22.641509433962266,36.79245283018868,23.58490566037736,32.142857142857146,30.357142857142854,46.42857142857143,0.0,0.0,3.571428571428571,0.0,0.0,0.05615453728661276
27,27,12,0,4,11,36,2,7080,27,38,106,1800,2940,11820,0,0,0,1,15,4,16,15,40,47,2,38,51,53,53,47,60.0,,60.0,76.36363636363636,78.33333333333333,60.0,66.66666666666667,77.36842105263158,111.50943396226415,72.0,60.0,60.0,72.0,76.5,77.87234042553192,60.0,77.36842105263158,76.47058823529412,75.84905660377359,75.84905660377359,77.87234042553192,53,6,71.20363767872304,95.62177911403761,1,11,7,9.0,40.74074074074074,25.925925925925924,66.66666666666666,11.285714285714285,74.28571428571429,91.34615384615384,96.11650485436894,97.05882352941177,62.946922144617034,49.80233583091291,39.4682126102662,33.617638768064396,3.4,26.8,32.833333333333336,-0.5551373392737861,0.011200395814139471,0.5439369434596463,-0.5649414431429739,0.029401343337430694,0.5355400998055431,0.0,0.0,0.0,2.887805437389969e-14,7.391764963894922e-13,89.63777122405027,44.222431668237476,-1.0,0,0.25925925925925924,0.25925925925925924,0.037037037037037035,0.2962962962962963,0.15625,0.015625,0.0,0.0,0.03125,0.0,0.015625,0.046875,0.015625,0.03125,0.046875,0.640625,0.12698412698412698,0.015873015873015872,0.015873015873015872,0.0,0.015873015873015872,0.0,0.015873015873015872,0.031746031746031744,0.0,0.015873015873015872,0.031746031746031744,0.0,0.015873015873015872,0.6190476190476191,6.091370558375635,0.0,2.030456852791878,7.1065989847715745,23.85786802030457,1.015228426395939,11.16751269035533,26.39593908629442,22.33502538071066,7.1065989847715745,17.258883248730964,15.736040609137056,86.29441624365482,13.705583756345177,9.137055837563452,2.030456852791878,8.121827411167512,9.137055837563452,25.888324873096447,30.96446700507614,1.015228426395939,24.873096446700508,32.99492385786802,34.01015228426396,34.01015228426396,0.0,0.008460236886632826,30.96446700507614,15.228426395939088,24.873096446700508,25.471698113207548,35.84905660377358,50.0,0.0,0.0,0.0,0.9433962264150944,0.0,0.007981355553427194
28,28,7,16,5,3,7,6,3240,31,13,57,4980,1320,9540,0,0,2,1,8,21,28,24,12,10,22,13,15,21,37,10,162.85714285714286,172.5,132.0,140.0,60.0,150.0,160.6451612903226,101.53846153846153,167.3684210526316,135.0,162.85714285714286,162.85714285714286,160.0,90.0,84.0,166.36363636363637,101.53846153846153,100.0,114.28571428571429,139.45945945945945,84.0,24,3,75.94405319648341,55.47893228589387,1,1,9,5.0,29.03225806451613,29.03225806451613,58.06451612903226,10.5,69.64285714285714,85.45454545454545,88.88888888888889,92.45283018867924,63.457265544550026,39.374780426736265,24.477406259517352,20.75735813986586,8.0,51.0,53.0,0.048852357708134946,0.5109790601369834,-0.5598314178451179,-0.298988765654457,0.622121401969172,-0.3231326363147147,0.19233440147621345,0.22667996734959941,-0.4190143688258128,896.5517241379313,-72.42457458086992,221.1954091518856,91.38381201044386,1.25,16,0.26666666666666666,0.06666666666666667,0.0,0.06666666666666667,0.06976744186046512,0.046511627906976744,0.046511627906976744,0.46511627906976744,0.0,0.046511627906976744,0.023255813953488372,0.023255813953488372,0.023255813953488372,0.0,0.06976744186046512,0.13953488372093023,0.047619047619047616,0.0,0.023809523809523808,0.42857142857142855,0.0,0.0,0.0,0.0,0.023809523809523808,0.023809523809523808,0.023809523809523808,0.023809523809523808,0.047619047619047616,0.07142857142857142,11.949685534591195,28.930817610062892,6.918238993710692,4.40251572327044,4.40251572327044,9.433962264150944,38.36477987421384,47.79874213836478,0.0,13.836477987421384,0.0,0.0,100.0,0.0,11.320754716981133,35.84905660377358,47.79874213836478,40.25157232704403,11.320754716981133,8.80503144654088,38.36477987421384,13.836477987421384,15.723270440251572,25.157232704402517,54.088050314465406,0.0,0.031446540880503145,8.80503144654088,52.20125786163522,13.836477987421384,54.385964912280706,22.807017543859647,42.10526315789473,0.0,0.0,3.508771929824561,1.7543859649122806,0.0,0.05516936996579499
29,29,6,0,5,0,7,2,2280,11,9,31,720,1860,4860,0,0,0,1,5,5,11,5,12,7,2,9,12,14,14,7,60.0,,72.0,,77.14285714285714,660.0,65.45454545454545,206.66666666666666,156.7741935483871,72.0,72.0,65.45454545454545,72.0,75.0,77.14285714285714,660.0,206.66666666666666,75.0,158.57142857142858,158.57142857142858,77.14285714285714,10,4,75.7920770494612,33.7042162551682,1,3,5,4.0,54.54545454545454,45.45454545454545,100.0,6.142857142857142,63.33333333333333,93.10344827586206,96.42857142857143,96.29629629629629,69.27202681151957,41.37336202323102,21.16034754639314,11.685665319091179,11.333333333333334,10.666666666666666,20.25,-1.32213101945915,0.5861207031279975,0.7360103163311523,0.08120665515354393,0.39560001950654755,-0.4768066746600918,0.0,0.0,0.0,1.3833026512288867e-13,2938.144329896907,355.4665140240412,614.1691416049136,-1.0,0,0.09090909090909091,0.45454545454545453,0.0,0.45454545454545453,0.15789473684210525,0.05263157894736842,0.05263157894736842,0.0,0.05263157894736842,0.0,0.21052631578947367,0.05263157894736842,0.05263157894736842,0.05263157894736842,0.05263157894736842,0.21052631578947367,0.05555555555555555,0.05555555555555555,0.0,0.0,0.05555555555555555,0.16666666666666666,0.05555555555555555,0.0,0.05555555555555555,0.05555555555555555,0.0,0.05555555555555555,0.05555555555555555,0.1111111111111111,7.4074074074074066,0.0,7.4074074074074066,0.0,11.11111111111111,27.160493827160494,82.71604938271605,4.938271604938271,1.2345679012345678,0.0,11.11111111111111,0.0,97.53086419753086,2.4691358024691357,7.4074074074074066,7.4074074074074066,14.814814814814813,7.4074074074074066,18.51851851851852,11.11111111111111,27.160493827160494,38.2716049382716,18.51851851851852,45.67901234567901,45.67901234567901,0.0,0.0205761316872428,11.11111111111111,14.814814814814813,38.2716049382716,35.483870967741936,29.03225806451613,32.25806451612903,0.0,0.0,0.0,3.225806451612903,0.0,0.0663746183459445
30,30,6,0,5,0,19,1,2700,11,20,49,3660,2340,8700,0,0,2,1,5,5,11,5,24,19,1,20,24,25,25,19,500.0,,132.0,,120.0,60.0,332.72727272727275,117.0,177.55102040816325,132.0,132.0,332.72727272727275,132.0,122.5,120.0,60.0,117.0,122.5,120.0,120.0,120.0,10,5,62.32657096122956,68.14105999002058,1,3,5,4.0,54.54545454545454,45.45454545454545,100.0,25.0,72.91666666666666,89.36170212765957,93.47826086956522,95.55555555555556,62.8087788758267,49.032284731364584,33.28368032839827,23.21927296139129,10.333333333333334,19.333333333333332,29.0,-0.5149818780428808,0.005628645135487753,0.5093532329073925,-0.06979902646345662,0.0139021790658825,0.05589684739757367,0.0,0.0,0.0,440.3082064611962,0.0,-100.79546692818984,-140.2495220476931,-1.0,0,0.09090909090909091,0.36363636363636365,0.0,0.36363636363636365,0.13333333333333333,0.03333333333333333,0.03333333333333333,0.0,0.0,0.0,0.1,0.06666666666666667,0.0,0.03333333333333333,0.06666666666666667,0.5333333333333333,0.06896551724137931,0.034482758620689655,0.034482758620689655,0.0,0.0,0.034482758620689655,0.06896551724137931,0.0,0.06896551724137931,0.06896551724137931,0.0,0.0,0.06896551724137931,0.4482758620689655,34.48275862068966,0.0,7.586206896551724,0.0,26.20689655172414,0.6896551724137931,44.13793103448276,26.20689655172414,25.517241379310345,2.0689655172413794,2.0689655172413794,0.0,85.51724137931035,14.482758620689657,7.586206896551724,7.586206896551724,42.06896551724138,7.586206896551724,33.793103448275865,26.20689655172414,0.6896551724137931,26.89655172413793,33.793103448275865,34.48275862068966,34.48275862068966,0.0,0.034482758620689655,26.20689655172414,42.06896551724138,26.89655172413793,22.448979591836736,40.816326530612244,20.408163265306122,0.0,0.0,4.081632653061225,2.0408163265306123,0.0,0.07037297677691766
31,31,11,0,18,3,24,2,1860,32,26,77,5940,3000,10800,0,0,3,1,21,18,29,21,42,27,2,26,45,47,47,27,300.0,,136.66666666666666,60.0,85.0,480.0,185.625,115.38461538461539,140.25974025974025,125.71428571428571,136.66666666666666,198.6206896551724,125.71428571428571,107.14285714285714,82.22222222222223,480.0,115.38461538461539,104.0,120.0,120.0,82.22222222222223,27,4,85.64193231050686,64.60373529605343,1,14,6,10.0,43.75,18.75,62.5,10.642857142857142,73.68421052631578,88.0,90.54054054054053,90.41095890410958,65.10276909626414,45.33206875057205,32.234677226767566,18.669998426687144,19.0,12.25,45.0,0.12343081092251189,0.0631652865753853,-0.18659609749789724,0.2825705096718585,0.0740443155807606,-0.35661482525261895,0.0,0.0,0.0,497.67511624418796,1591.836734693878,-3.5744315513359033,13.706963770470782,-1.0,0,0.12903225806451613,0.3548387096774194,0.0967741935483871,0.4516129032258065,0.08771929824561403,0.07017543859649122,0.017543859649122806,0.0,0.017543859649122806,0.0,0.19298245614035087,0.08771929824561403,0.07017543859649122,0.0,0.12280701754385964,0.2807017543859649,0.05357142857142857,0.03571428571428571,0.03571428571428571,0.0,0.017857142857142856,0.14285714285714285,0.03571428571428571,0.05357142857142857,0.03571428571428571,0.05357142857142857,0.05357142857142857,0.05357142857142857,0.05357142857142857,0.17857142857142858,30.555555555555557,0.0,22.77777777777778,1.6666666666666667,18.88888888888889,8.88888888888889,50.55555555555556,29.444444444444446,12.777777777777777,7.222222222222221,0.0,0.0,100.0,0.0,24.444444444444443,22.77777777777778,53.333333333333336,24.444444444444443,41.66666666666667,20.555555555555554,8.88888888888889,27.77777777777778,43.333333333333336,52.22222222222223,52.22222222222223,0.0,0.037037037037037035,20.555555555555554,55.00000000000001,27.77777777777778,41.55844155844156,33.76623376623377,35.064935064935064,0.0,0.0,3.896103896103896,1.2987012987012987,0.0,0.048100048100048094
32,32,14,9,5,5,16,9,2580,33,25,70,6720,2640,11940,0,0,3,2,10,14,28,19,21,21,18,25,26,35,44,21,261.42857142857144,100.0,288.0,144.0,86.25,140.0,203.63636363636363,105.6,170.57142857142858,216.0,167.14285714285714,214.28571428571428,161.05263157894737,134.28571428571428,100.0,120.0,105.6,136.15384615384616,137.14285714285714,129.54545454545453,100.0,27,5,91.527021425717,74.7548043336829,1,10,9,9.5,30.303030303030305,27.27272727272727,57.57575757575758,13.0,78.26086956521739,83.82352941176471,89.55223880597015,92.42424242424242,60.03971864476745,43.100776983570796,27.924783589008367,19.186145598569762,10.666666666666666,27.333333333333332,39.8,-0.0424398793051472,0.0869303897029903,-0.044490510397843054,0.08181702296198454,0.34629880110764744,-0.42811582406963217,0.18115506807553547,-0.18115506807553597,0.0,218.1489580079433,1751.6152189519019,66.46241668129626,78.24481162903723,0.6666666666666666,9,0.25,0.125,0.03125,0.15625,0.15789473684210525,0.05263157894736842,0.03508771929824561,0.2631578947368421,0.0,0.0,0.017543859649122806,0.03508771929824561,0.0,0.03508771929824561,0.05263157894736842,0.2807017543859649,0.125,0.017857142857142856,0.03571428571428571,0.25,0.0,0.0,0.017857142857142856,0.0,0.03571428571428571,0.017857142857142856,0.0,0.0,0.03571428571428571,0.21428571428571427,30.65326633165829,7.537688442211055,12.060301507537687,6.030150753768844,11.557788944723619,10.552763819095476,35.678391959798994,13.06532663316583,39.19597989949749,6.030150753768844,6.030150753768844,0.0,100.0,0.0,18.090452261306535,19.597989949748744,50.25125628140703,25.628140703517587,23.618090452261306,17.587939698492463,18.090452261306535,22.110552763819097,29.64824120603015,40.20100502512563,47.73869346733669,0.0,0.04187604690117253,17.587939698492463,56.28140703517588,22.110552763819097,47.14285714285714,35.714285714285715,38.57142857142858,0.0,0.0,4.285714285714286,2.857142857142857,0.0,0.05982292414453219
33,33,10,1,3,5,40,6,3780,19,46,99,3780,4620,12180,0,0,2,2,8,4,14,9,43,45,7,46,48,54,55,45,306.0,60.0,80.0,84.0,91.5,160.0,198.94736842105263,100.43478260869566,123.03030303030303,82.5,75.0,240.0,80.0,90.69767441860465,90.66666666666667,145.71428571428572,100.43478260869566,90.0,97.77777777777777,97.0909090909091,90.66666666666667,52,6,76.87348905512461,87.39834333654231,1,6,1,3.5,31.57894736842105,21.052631578947366,52.63157894736842,8.75,70.40816326530613,86.5979381443299,92.70833333333334,96.84210526315789,74.28438791422337,56.333274945525424,40.15979747068472,29.55334639901579,10.333333333333334,24.666666666666668,33.833333333333336,0.23387878573336468,-0.35140444063483833,0.11752565490147351,0.2742588549497822,-0.08075389279112505,-0.19350496215865715,0.0,0.0,0.0,558.1573476310318,192.3076923076923,253.2029836368607,19.54682139680656,1.0,1,0.26666666666666666,0.13333333333333333,0.13333333333333333,0.26666666666666666,0.1076923076923077,0.015384615384615385,0.015384615384615385,0.015384615384615385,0.07692307692307693,0.0,0.015384615384615385,0.03076923076923077,0.046153846153846156,0.03076923076923077,0.03076923076923077,0.5692307692307692,0.078125,0.015625,0.015625,0.0,0.0625,0.0,0.015625,0.0,0.015625,0.015625,0.015625,0.03125,0.03125,0.484375,25.12315270935961,0.49261083743842365,1.9704433497536946,3.4482758620689653,30.049261083743843,7.8817733990147785,22.660098522167488,7.389162561576355,12.31527093596059,16.25615763546798,37.93103448275862,3.4482758620689653,100.0,0.0,5.41871921182266,2.4630541871921183,27.586206896551722,5.911330049261084,32.01970443349754,33.497536945812804,8.374384236453201,37.93103448275862,35.467980295566505,43.34975369458128,43.84236453201971,0.0,0.03284072249589491,33.497536945812804,31.03448275862069,37.93103448275862,19.19191919191919,46.464646464646464,52.52525252525253,0.0,0.0,2.0202020202020203,2.0202020202020203,0.0,0.03317244696555041
34,34,8,5,10,11,34,8,2640,34,42,96,2340,4860,9840,0,0,0,1,21,15,23,26,44,45,13,42,55,63,68,45,60.0,84.0,78.0,60.0,125.29411764705883,75.0,68.82352941176471,115.71428571428571,102.5,68.57142857142857,80.0,73.04347826086956,71.53846153846153,114.54545454545455,109.33333333333333,78.46153846153847,115.71428571428571,103.63636363636364,100.0,98.82352941176471,109.33333333333333,52,3,76.2830446867622,55.897604987914086,1,5,10,7.5,44.11764705882353,29.411764705882355,73.52941176470588,6.315789473684211,73.68421052631578,80.85106382978722,87.09677419354838,91.30434782608695,69.3388682469338,49.83709929852889,35.27160324317846,19.158877142880975,37.0,15.0,54.666666666666664,0.018271911028340596,0.11693472196633181,-0.13520663299467298,0.05039270906167794,0.22975357734369034,-0.2801462864053688,0.0,0.0,0.0,4.5395477006144213e-13,-2.0686088605411,137.65647073043598,63.64183846018311,0.4,5,0.20588235294117646,0.14705882352941177,0.08823529411764706,0.23529411764705882,0.05194805194805195,0.06493506493506493,0.0,0.11688311688311688,0.05194805194805195,0.012987012987012988,0.07792207792207792,0.03896103896103896,0.06493506493506493,0.03896103896103896,0.05194805194805195,0.42857142857142855,0.013157894736842105,0.039473684210526314,0.039473684210526314,0.09210526315789473,0.039473684210526314,0.039473684210526314,0.02631578947368421,0.02631578947368421,0.0,0.039473684210526314,0.013157894736842105,0.039473684210526314,0.013157894736842105,0.34210526315789475,4.878048780487805,4.2682926829268295,7.926829268292683,6.707317073170732,43.292682926829265,6.097560975609756,54.268292682926834,26.21951219512195,19.51219512195122,0.0,0.0,0.0,100.0,0.0,14.634146341463413,12.195121951219512,17.073170731707318,18.902439024390244,51.21951219512195,50.0,10.365853658536585,49.390243902439025,57.92682926829268,64.02439024390245,68.29268292682927,0.0,0.01016260162601626,50.0,23.78048780487805,49.390243902439025,35.41666666666667,43.75,54.166666666666664,0.0,0.0,0.0,1.0416666666666665,0.0,0.010586043360433603
35,35,1,0,21,20,42,0,190,42,42,88,4320,4980,9490,0,0,2,2,41,21,22,41,63,62,0,42,83,83,83,62,60.0,,128.57142857142858,78.0,118.57142857142857,,102.85714285714286,118.57142857142857,107.8409090909091,103.90243902439025,128.57142857142858,125.45454545454545,103.90243902439025,121.9047619047619,105.48387096774194,,118.57142857142857,111.32530120481928,111.32530120481928,111.32530120481928,105.48387096774194,50,1,63.71962150186945,0.0,1,4,3,3.5,38.095238095238095,21.428571428571427,59.52380952380952,77.5,96.55172413793103,97.67441860465115,97.6470588235294,97.61904761904762,17.95798763207566,11.107858525964815,11.054808468028918,11.000362037665923,156.0,1.1666666666666667,158.16666666666666,0.0003116853737681623,0.0,-0.0003116853737684415,0.0003116853737681623,0.0,-0.0003116853737684415,0.0,0.0,0.0,0.0,0.0,60.85743363636037,55.768273759753306,-1.0,0,0.19047619047619047,0.30952380952380953,0.21428571428571427,0.5238095238095238,0.0,0.0,0.0,0.0,0.0,0.0,0.04819277108433735,0.20481927710843373,0.012048192771084338,0.0,0.20481927710843373,0.5301204819277109,0.0,0.0,0.0,0.0,0.0,0.0,0.04878048780487805,0.07317073170731707,0.13414634146341464,0.04878048780487805,0.15853658536585366,0.012195121951219513,0.13414634146341464,0.3902439024390244,0.6322444678609063,0.0,28.451001053740782,16.43835616438356,52.47629083245522,0.0,100.0,0.0,0.0,0.0,0.0,0.0,100.0,0.0,44.889357218124346,28.451001053740782,29.083245521601686,44.889357218124346,80.927291886196,68.91464699683878,0.0,52.47629083245522,97.36564805057955,97.36564805057955,97.36564805057955,0.0,0.04214963119072709,68.91464699683878,45.521601685985246,52.47629083245522,47.72727272727273,47.72727272727273,56.81818181818182,0.0,0.0,2.272727272727273,2.272727272727273,0.0,0.04789730817128078
